SEASON_ID,TEAM_ID,TEAM_ABBREVIATION,TEAM_NAME,GAME_ID,GAME_DATE,MATCHUP,WL,MIN,PTS,FGM,FGA,FG_PCT,FG3M,FG3A,FG3_PCT,FTM,FTA,FT_PCT,OREB,DREB,REB,AST,STL,BLK,TOV,PF,PLUS_MINUS,SEASON
42017,1610612739,CLE,Cleveland Cavaliers,0041700404,2018-06-08,CLE vs. GSW,L,242,85,30,87,0.345,8,27,0.296,17,25,0.68,17,27,44,21,5,5,11,22,-23.0,2017-18
42017,1610612739,CLE,Cleveland Cavaliers,0041700403,2018-06-06,CLE vs. GSW,L,240,102,40,92,0.435,9,31,0.29,13,17,0.765,15,32,47,20,6,4,13,18,-8.0,2017-18
42017,1610612739,CLE,Cleveland Cavaliers,0041700402,2018-06-03,CLE @ GSW,L,238,103,37,90,0.411,9,27,0.333,20,26,0.769,16,26,42,25,9,4,10,15,-19.0,2017-18
42017,1610612739,CLE,Cleveland Cavaliers,0041700401,2018-05-31,CLE @ GSW,L,264,114,44,99,0.444,10,37,0.27,16,22,0.727,19,34,53,18,5,3,11,18,-10.0,2017-18
42017,1610612739,CLE,Cleveland Cavaliers,0041700307,2018-05-27,CLE @ BOS,W,240,87,30,66,0.455,9,35,0.257,18,25,0.72,2,39,41,15,2,4,12,21,8.0,2017-18
42017,1610612738,BOS,Boston Celtics,0041700307,2018-05-27,BOS vs. CLE,L,240,79,29,85,0.341,7,39,0.179,14,19,0.737,11,31,42,18,6,0,5,20,-8.0,2017-18
42017,1610612738,BOS,Boston Celtics,0041700306,2018-05-25,BOS @ CLE,L,241,99,38,74,0.514,12,28,0.429,11,20,0.55,5,26,31,25,5,2,13,18,-10.0,2017-18
42017,1610612739,CLE,Cleveland Cavaliers,0041700306,2018-05-25,CLE vs. BOS,W,240,109,41,87,0.471,9,23,0.391,18,22,0.818,15,29,44,16,8,9,9,19,10.0,2017-18
42017,1610612739,CLE,Cleveland Cavaliers,0041700305,2018-05-23,CLE @ BOS,L,241,83,31,74,0.419,9,34,0.265,12,19,0.632,3,36,39,17,3,7,15,19,-13.0,2017-18
42017,1610612738,BOS,Boston Celtics,0041700305,2018-05-23,BOS vs. CLE,W,240,96,31,85,0.365,13,39,0.333,21,23,0.913,7,38,45,18,10,6,8,19,13.0,2017-18
42017,1610612738,BOS,Boston Celtics,0041700304,2018-05-21,BOS @ CLE,L,239,102,35,85,0.412,9,28,0.321,23,30,0.767,9,28,37,21,9,3,9,26,-9.0,2017-18
42017,1610612739,CLE,Cleveland Cavaliers,0041700304,2018-05-21,CLE vs. BOS,W,239,111,41,81,0.506,8,23,0.348,21,29,0.724,9,38,47,15,6,8,18,23,9.0,2017-18
42017,1610612738,BOS,Boston Celtics,0041700303,2018-05-19,BOS @ CLE,L,240,86,29,74,0.392,6,22,0.273,22,28,0.786,6,28,34,16,4,4,15,25,-30.0,2017-18
42017,1610612739,CLE,Cleveland Cavaliers,0041700303,2018-05-19,CLE vs. BOS,W,242,116,37,76,0.487,17,34,0.5,25,30,0.833,8,37,45,23,9,3,14,23,30.0,2017-18
42017,1610612738,BOS,Boston Celtics,0041700302,2018-05-15,BOS vs. CLE,W,239,107,40,92,0.435,10,31,0.323,17,20,0.85,11,35,46,24,8,2,5,18,13.0,2017-18
42017,1610612739,CLE,Cleveland Cavaliers,0041700302,2018-05-15,CLE @ BOS,L,239,94,37,80,0.463,10,31,0.323,10,17,0.588,8,37,45,18,2,5,15,21,-13.0,2017-18
42017,1610612738,BOS,Boston Celtics,0041700301,2018-05-13,BOS vs. CLE,W,240,108,43,84,0.512,11,30,0.367,11,13,0.846,6,42,48,27,6,4,9,17,25.0,2017-18
42017,1610612739,CLE,Cleveland Cavaliers,0041700301,2018-05-13,CLE @ BOS,L,241,83,31,86,0.36,4,26,0.154,17,20,0.85,9,31,40,18,4,3,9,12,-25.0,2017-18
42017,1610612755,PHI,Philadelphia 76ers,0041700215,2018-05-09,PHI @ BOS,L,241,112,40,82,0.488,8,21,0.381,24,31,0.774,12,36,48,26,5,6,16,31,-2.0,2017-18
42017,1610612738,BOS,Boston Celtics,0041700215,2018-05-09,BOS vs. PHI,W,240,114,38,85,0.447,7,20,0.35,31,41,0.756,13,26,39,18,12,3,10,24,6.0,2017-18
42017,1610612755,PHI,Philadelphia 76ers,0041700214,2018-05-07,PHI vs. BOS,W,241,103,38,94,0.404,7,26,0.269,20,26,0.769,16,37,53,24,6,3,8,23,11.0,2017-18
42017,1610612738,BOS,Boston Celtics,0041700214,2018-05-07,BOS @ PHI,L,240,92,31,75,0.413,11,32,0.344,19,26,0.731,6,36,42,16,4,10,15,28,-11.0,2017-18
42017,1610612761,TOR,Toronto Raptors,0041700204,2018-05-07,TOR @ CLE,L,241,93,36,79,0.456,4,15,0.267,17,23,0.739,9,23,32,19,3,5,13,24,-35.0,2017-18
42017,1610612739,CLE,Cleveland Cavaliers,0041700204,2018-05-07,CLE vs. TOR,W,239,128,50,84,0.595,12,26,0.462,16,20,0.8,6,31,37,29,9,5,10,21,35.0,2017-18
42017,1610612761,TOR,Toronto Raptors,0041700203,2018-05-05,TOR @ CLE,L,239,103,35,75,0.467,13,33,0.394,20,25,0.8,12,29,41,14,5,11,17,28,-2.0,2017-18
42017,1610612755,PHI,Philadelphia 76ers,0041700213,2018-05-05,PHI vs. BOS,L,264,98,38,97,0.392,9,30,0.3,13,18,0.722,13,37,50,23,8,5,14,14,-3.0,2017-18
42017,1610612738,BOS,Boston Celtics,0041700213,2018-05-05,BOS @ PHI,W,263,101,41,91,0.451,10,38,0.263,9,14,0.643,9,40,49,19,9,7,13,20,3.0,2017-18
42017,1610612739,CLE,Cleveland Cavaliers,0041700203,2018-05-05,CLE vs. TOR,W,240,105,38,79,0.481,9,25,0.36,20,25,0.8,6,30,36,18,7,4,10,19,2.0,2017-18
42017,1610612755,PHI,Philadelphia 76ers,0041700212,2018-05-03,PHI @ BOS,L,240,103,40,92,0.435,13,33,0.394,10,14,0.714,16,33,49,30,7,4,11,21,-5.0,2017-18
42017,1610612739,CLE,Cleveland Cavaliers,0041700202,2018-05-03,CLE @ TOR,W,241,128,50,84,0.595,11,26,0.423,17,23,0.739,5,29,34,25,5,3,3,14,18.0,2017-18
42017,1610612738,BOS,Boston Celtics,0041700212,2018-05-03,BOS vs. PHI,W,239,108,37,82,0.451,15,36,0.417,19,24,0.792,5,36,41,23,7,3,9,16,5.0,2017-18
42017,1610612761,TOR,Toronto Raptors,0041700202,2018-05-03,TOR vs. CLE,L,241,110,44,81,0.543,12,30,0.4,10,11,0.909,5,30,35,26,2,2,11,24,-18.0,2017-18
42017,1610612761,TOR,Toronto Raptors,0041700201,2018-05-01,TOR vs. CLE,L,264,112,39,91,0.429,9,28,0.321,25,31,0.806,15,35,50,26,2,6,13,22,-1.0,2017-18
42017,1610612739,CLE,Cleveland Cavaliers,0041700201,2018-05-01,CLE @ TOR,W,265,113,42,102,0.412,14,35,0.4,15,21,0.714,13,32,45,25,5,5,5,23,1.0,2017-18
42017,1610612738,BOS,Boston Celtics,0041700211,2018-04-30,BOS vs. PHI,W,241,117,41,85,0.482,17,35,0.486,18,19,0.947,5,31,36,27,4,4,10,21,16.0,2017-18
42017,1610612755,PHI,Philadelphia 76ers,0041700211,2018-04-30,PHI @ BOS,L,240,101,35,83,0.422,5,26,0.192,26,35,0.743,11,34,45,22,7,2,12,19,-16.0,2017-18
42017,1610612739,CLE,Cleveland Cavaliers,0041700137,2018-04-29,CLE vs. IND,W,239,105,32,74,0.432,10,29,0.345,31,40,0.775,15,29,44,18,6,4,12,21,4.0,2017-18
42017,1610612754,IND,Indiana Pacers,0041700137,2018-04-29,IND @ CLE,L,239,101,36,80,0.45,10,31,0.323,19,24,0.792,10,27,37,15,6,0,11,28,-4.0,2017-18
42017,1610612738,BOS,Boston Celtics,0041700117,2018-04-28,BOS vs. MIL,W,240,112,45,84,0.536,9,26,0.346,13,21,0.619,11,31,42,28,9,4,14,23,16.0,2017-18
42017,1610612749,MIL,Milwaukee Bucks,0041700117,2018-04-28,MIL @ BOS,L,239,96,35,74,0.473,9,27,0.333,17,18,0.944,4,28,32,21,4,3,15,20,-16.0,2017-18
42017,1610612754,IND,Indiana Pacers,0041700136,2018-04-27,IND vs. CLE,W,241,121,49,87,0.563,15,30,0.5,8,14,0.571,9,36,45,27,9,1,7,18,34.0,2017-18
42017,1610612761,TOR,Toronto Raptors,0041700106,2018-04-27,TOR @ WAS,W,240,102,40,90,0.444,7,25,0.28,15,19,0.789,16,31,47,18,8,6,6,20,10.0,2017-18
42017,1610612764,WAS,Washington Wizards,0041700106,2018-04-27,WAS vs. TOR,L,239,92,32,79,0.405,8,22,0.364,20,21,0.952,11,31,42,12,3,5,14,19,-10.0,2017-18
42017,1610612739,CLE,Cleveland Cavaliers,0041700136,2018-04-27,CLE @ IND,L,240,87,33,79,0.418,12,38,0.316,9,16,0.563,7,26,33,16,4,2,14,17,-34.0,2017-18
42017,1610612749,MIL,Milwaukee Bucks,0041700116,2018-04-26,MIL vs. BOS,W,239,97,38,75,0.507,8,26,0.308,13,21,0.619,7,41,48,19,6,3,9,16,11.0,2017-18
42017,1610612738,BOS,Boston Celtics,0041700116,2018-04-26,BOS @ MIL,L,237,86,30,81,0.37,10,36,0.278,16,19,0.842,6,33,39,18,3,3,9,19,-11.0,2017-18
42017,1610612761,TOR,Toronto Raptors,0041700105,2018-04-25,TOR vs. WAS,W,239,108,38,82,0.463,11,25,0.44,21,28,0.75,6,29,35,26,9,5,10,18,10.0,2017-18
42017,1610612754,IND,Indiana Pacers,0041700135,2018-04-25,IND @ CLE,L,240,95,34,71,0.479,6,20,0.3,21,27,0.778,7,27,34,23,7,3,14,22,-3.0,2017-18
42017,1610612739,CLE,Cleveland Cavaliers,0041700135,2018-04-25,CLE vs. IND,W,240,98,31,75,0.413,10,32,0.313,26,27,0.963,10,27,37,16,6,3,14,21,3.0,2017-18
42017,1610612764,WAS,Washington Wizards,0041700105,2018-04-25,WAS @ TOR,L,240,98,37,90,0.411,5,26,0.192,19,22,0.864,14,36,50,21,6,4,15,18,-10.0,2017-18
42017,1610612738,BOS,Boston Celtics,0041700115,2018-04-24,BOS vs. MIL,W,240,92,29,69,0.42,10,31,0.323,24,32,0.75,5,45,50,22,7,7,17,21,5.0,2017-18
42017,1610612749,MIL,Milwaukee Bucks,0041700115,2018-04-24,MIL @ BOS,L,239,87,32,87,0.368,9,33,0.273,14,20,0.7,7,30,37,21,10,3,11,23,-5.0,2017-18
42017,1610612755,PHI,Philadelphia 76ers,0041700125,2018-04-24,PHI vs. MIA,W,239,104,34,81,0.42,7,28,0.25,29,36,0.806,9,44,53,27,7,2,15,20,13.0,2017-18
42017,1610612748,MIA,Miami Heat,0041700125,2018-04-24,MIA @ PHI,L,240,91,34,88,0.386,10,35,0.286,13,22,0.591,10,30,40,24,7,6,11,32,-13.0,2017-18
42017,1610612764,WAS,Washington Wizards,0041700104,2018-04-22,WAS vs. TOR,W,242,106,39,85,0.459,7,17,0.412,21,31,0.677,9,31,40,23,10,8,13,23,8.0,2017-18
42017,1610612761,TOR,Toronto Raptors,0041700104,2018-04-22,TOR @ WAS,L,238,98,34,79,0.43,7,18,0.389,23,30,0.767,9,32,41,19,9,7,18,26,-8.0,2017-18
42017,1610612739,CLE,Cleveland Cavaliers,0041700134,2018-04-22,CLE @ IND,W,238,104,35,78,0.449,12,34,0.353,22,26,0.846,8,37,45,17,4,7,11,18,4.0,2017-18
42017,1610612738,BOS,Boston Celtics,0041700114,2018-04-22,BOS @ MIL,L,240,102,36,87,0.414,10,29,0.345,20,25,0.8,16,27,43,22,6,3,8,21,-2.0,2017-18
42017,1610612749,MIL,Milwaukee Bucks,0041700114,2018-04-22,MIL vs. BOS,W,241,104,38,73,0.521,10,23,0.435,18,24,0.75,2,34,36,24,7,14,9,24,2.0,2017-18
42017,1610612754,IND,Indiana Pacers,0041700134,2018-04-22,IND vs. CLE,L,240,100,40,93,0.43,12,33,0.364,8,13,0.615,11,36,47,25,7,5,8,19,-4.0,2017-18
42017,1610612755,PHI,Philadelphia 76ers,0041700124,2018-04-21,PHI @ MIA,W,239,106,36,84,0.429,7,31,0.226,27,35,0.771,17,40,57,22,12,5,26,25,4.0,2017-18
42017,1610612748,MIA,Miami Heat,0041700124,2018-04-21,MIA vs. PHI,L,239,102,41,94,0.436,7,19,0.368,13,25,0.52,13,30,43,21,18,4,19,32,-4.0,2017-18
42017,1610612761,TOR,Toronto Raptors,0041700103,2018-04-20,TOR @ WAS,L,239,103,37,82,0.451,12,28,0.429,17,19,0.895,8,26,34,20,8,4,18,19,-19.0,2017-18
42017,1610612749,MIL,Milwaukee Bucks,0041700113,2018-04-20,MIL vs. BOS,W,240,116,45,79,0.57,16,33,0.485,10,15,0.667,7,30,37,28,8,12,9,27,24.0,2017-18
42017,1610612739,CLE,Cleveland Cavaliers,0041700133,2018-04-20,CLE @ IND,L,238,90,34,77,0.442,10,32,0.313,12,16,0.75,9,27,36,17,11,3,16,23,-2.0,2017-18
42017,1610612764,WAS,Washington Wizards,0041700103,2018-04-20,WAS vs. TOR,W,241,122,47,85,0.553,10,23,0.435,18,20,0.9,7,32,39,29,10,8,11,21,19.0,2017-18
42017,1610612738,BOS,Boston Celtics,0041700113,2018-04-20,BOS @ MIL,L,240,92,32,80,0.4,8,24,0.333,20,28,0.714,17,28,45,17,3,1,16,15,-24.0,2017-18
42017,1610612754,IND,Indiana Pacers,0041700133,2018-04-20,IND vs. CLE,W,239,92,34,73,0.466,8,26,0.308,16,20,0.8,7,30,37,17,8,3,17,22,2.0,2017-18
42017,1610612755,PHI,Philadelphia 76ers,0041700123,2018-04-19,PHI @ MIA,W,239,128,41,81,0.506,18,34,0.529,28,37,0.757,6,35,41,28,10,5,10,26,20.0,2017-18
42017,1610612748,MIA,Miami Heat,0041700123,2018-04-19,MIA vs. PHI,L,241,108,33,73,0.452,16,33,0.485,26,35,0.743,5,30,35,26,7,9,15,30,-20.0,2017-18
42017,1610612754,IND,Indiana Pacers,0041700132,2018-04-18,IND @ CLE,L,239,97,41,78,0.526,6,22,0.273,9,12,0.75,5,31,36,22,8,3,17,23,-3.0,2017-18
42017,1610612739,CLE,Cleveland Cavaliers,0041700132,2018-04-18,CLE vs. IND,W,240,100,37,73,0.507,11,28,0.393,15,22,0.682,6,24,30,15,8,2,15,19,3.0,2017-18
42017,1610612761,TOR,Toronto Raptors,0041700102,2018-04-17,TOR vs. WAS,W,240,130,45,87,0.517,13,35,0.371,27,33,0.818,9,39,48,24,5,8,14,27,11.0,2017-18
42017,1610612738,BOS,Boston Celtics,0041700112,2018-04-17,BOS vs. MIL,W,241,120,48,90,0.533,13,31,0.419,11,18,0.611,9,29,38,24,10,6,5,16,14.0,2017-18
42017,1610612764,WAS,Washington Wizards,0041700102,2018-04-17,WAS @ TOR,L,240,119,42,86,0.488,10,22,0.455,25,28,0.893,4,30,34,26,7,3,8,24,-11.0,2017-18
42017,1610612749,MIL,Milwaukee Bucks,0041700112,2018-04-17,MIL @ BOS,L,240,106,46,77,0.597,7,17,0.412,7,17,0.412,7,31,38,19,3,4,15,19,-14.0,2017-18
42017,1610612755,PHI,Philadelphia 76ers,0041700122,2018-04-16,PHI vs. MIA,L,241,103,40,96,0.417,7,36,0.194,16,22,0.727,17,32,49,22,7,5,14,26,-10.0,2017-18
42017,1610612748,MIA,Miami Heat,0041700122,2018-04-16,MIA @ PHI,W,239,113,40,82,0.488,9,25,0.36,24,30,0.8,11,35,46,23,8,7,15,27,10.0,2017-18
42017,1610612749,MIL,Milwaukee Bucks,0041700111,2018-04-15,MIL @ BOS,L,264,107,40,83,0.482,8,21,0.381,19,24,0.792,5,37,42,22,8,8,20,31,-6.0,2017-18
42017,1610612754,IND,Indiana Pacers,0041700131,2018-04-15,IND @ CLE,W,241,98,36,79,0.456,11,28,0.393,15,25,0.6,8,36,44,19,12,4,11,21,18.0,2017-18
42017,1610612739,CLE,Cleveland Cavaliers,0041700131,2018-04-15,CLE vs. IND,L,242,80,30,78,0.385,8,34,0.235,12,20,0.6,9,37,46,21,7,4,16,23,-18.0,2017-18
42017,1610612738,BOS,Boston Celtics,0041700111,2018-04-15,BOS vs. MIL,W,264,113,39,94,0.415,11,26,0.423,24,27,0.889,11,34,45,20,8,5,15,21,6.0,2017-18
42017,1610612748,MIA,Miami Heat,0041700121,2018-04-14,MIA @ PHI,L,238,103,35,77,0.455,12,26,0.462,21,31,0.677,9,32,41,25,4,6,16,25,-27.0,2017-18
42017,1610612761,TOR,Toronto Raptors,0041700101,2018-04-14,TOR vs. WAS,W,240,114,41,77,0.532,16,30,0.533,16,20,0.8,5,33,38,26,6,7,17,18,8.0,2017-18
42017,1610612755,PHI,Philadelphia 76ers,0041700121,2018-04-14,PHI vs. MIA,W,241,130,45,95,0.474,18,28,0.643,22,29,0.759,17,33,50,34,9,4,10,23,27.0,2017-18
42017,1610612764,WAS,Washington Wizards,0041700101,2018-04-14,WAS @ TOR,L,241,106,41,86,0.477,8,21,0.381,16,18,0.889,6,29,35,29,11,3,13,21,-8.0,2017-18
42018,1610612761,TOR,Toronto Raptors,0041800406,2019-06-13,TOR @ GSW,W,241,114,39,82,0.476,13,33,0.394,23,29,0.793,11,28,39,25,8,2,12,23,4.0,2018-19
42018,1610612761,TOR,Toronto Raptors,0041800405,2019-06-10,TOR vs. GSW,L,238,105,38,85,0.447,8,32,0.25,21,27,0.778,13,30,43,19,6,5,13,19,-1.0,2018-19
42018,1610612761,TOR,Toronto Raptors,0041800404,2019-06-07,TOR @ GSW,W,241,105,36,86,0.419,10,32,0.313,23,24,0.958,7,32,39,22,12,4,9,21,13.0,2018-19
42018,1610612761,TOR,Toronto Raptors,0041800403,2019-06-05,TOR @ GSW,W,239,123,43,82,0.524,17,38,0.447,20,21,0.952,5,35,40,30,9,10,14,22,14.0,2018-19
42018,1610612761,TOR,Toronto Raptors,0041800402,2019-06-02,TOR vs. GSW,L,240,104,35,94,0.372,11,38,0.289,23,26,0.885,15,34,49,17,8,2,15,22,-5.0,2018-19
42018,1610612761,TOR,Toronto Raptors,0041800401,2019-05-30,TOR vs. GSW,W,241,118,39,77,0.506,13,33,0.394,27,32,0.844,7,29,36,25,6,6,10,26,9.0,2018-19
42018,1610612761,TOR,Toronto Raptors,0041800306,2019-05-25,TOR vs. MIL,W,239,100,36,74,0.486,12,27,0.444,16,22,0.727,6,32,38,20,7,4,10,24,6.0,2018-19
42018,1610612749,MIL,Milwaukee Bucks,0041800306,2019-05-25,MIL @ TOR,L,240,94,30,75,0.4,12,34,0.353,22,31,0.71,12,30,42,19,7,7,11,22,-6.0,2018-19
42018,1610612761,TOR,Toronto Raptors,0041800305,2019-05-23,TOR @ MIL,W,240,105,31,84,0.369,18,43,0.419,25,31,0.806,10,35,45,19,6,4,6,16,6.0,2018-19
42018,1610612749,MIL,Milwaukee Bucks,0041800305,2019-05-23,MIL vs. TOR,L,240,99,38,84,0.452,10,31,0.323,13,18,0.722,8,45,53,26,2,2,11,22,-6.0,2018-19
42018,1610612749,MIL,Milwaukee Bucks,0041800304,2019-05-21,MIL @ TOR,L,241,102,37,80,0.463,11,35,0.314,17,26,0.654,7,33,40,30,8,7,12,22,-18.0,2018-19
42018,1610612761,TOR,Toronto Raptors,0041800304,2019-05-21,TOR vs. MIL,W,239,120,41,87,0.471,14,41,0.341,24,27,0.889,10,34,44,32,9,5,11,23,18.0,2018-19
42018,1610612749,MIL,Milwaukee Bucks,0041800303,2019-05-19,MIL @ TOR,L,291,112,38,102,0.373,14,44,0.318,22,33,0.667,13,50,63,22,14,5,20,30,-6.0,2018-19
42018,1610612761,TOR,Toronto Raptors,0041800303,2019-05-19,TOR vs. MIL,W,290,118,40,102,0.392,17,45,0.378,21,26,0.808,8,47,55,28,11,10,17,30,6.0,2018-19
42018,1610612749,MIL,Milwaukee Bucks,0041800302,2019-05-17,MIL vs. TOR,W,240,125,43,92,0.467,13,41,0.317,26,35,0.743,11,42,53,27,6,4,7,26,22.0,2018-19
42018,1610612761,TOR,Toronto Raptors,0041800302,2019-05-17,TOR @ MIL,L,240,103,37,87,0.425,10,32,0.313,19,25,0.76,6,34,40,19,3,6,13,30,-22.0,2018-19
42018,1610612749,MIL,Milwaukee Bucks,0041800301,2019-05-15,MIL vs. TOR,W,241,108,37,93,0.398,11,44,0.25,23,27,0.852,15,45,60,21,8,11,12,16,8.0,2018-19
42018,1610612761,TOR,Toronto Raptors,0041800301,2019-05-15,TOR @ MIL,L,239,100,34,92,0.37,15,42,0.357,17,20,0.85,8,38,46,17,9,4,12,21,-8.0,2018-19
42018,1610612761,TOR,Toronto Raptors,0041800217,2019-05-12,TOR vs. PHI,W,239,92,34,89,0.382,7,30,0.233,17,19,0.895,16,33,49,15,10,4,10,22,2.0,2018-19
42018,1610612755,PHI,Philadelphia 76ers,0041800217,2019-05-12,PHI @ TOR,L,239,90,28,65,0.431,9,27,0.333,25,30,0.833,5,36,41,16,4,7,15,21,-2.0,2018-19
42018,1610612755,PHI,Philadelphia 76ers,0041800216,2019-05-09,PHI vs. TOR,W,243,112,41,89,0.461,10,28,0.357,20,26,0.769,16,36,52,27,5,3,18,22,11.0,2018-19
42018,1610612761,TOR,Toronto Raptors,0041800216,2019-05-09,TOR @ PHI,L,242,101,35,81,0.432,9,36,0.25,22,29,0.759,9,25,34,25,9,4,12,24,-11.0,2018-19
42018,1610612738,BOS,Boston Celtics,0041800205,2019-05-08,BOS @ MIL,L,240,91,29,93,0.312,7,39,0.179,26,34,0.765,12,36,48,19,9,1,14,18,-25.0,2018-19
42018,1610612749,MIL,Milwaukee Bucks,0041800205,2019-05-08,MIL vs. BOS,W,240,116,42,94,0.447,15,47,0.319,17,22,0.773,12,46,58,27,8,7,16,23,25.0,2018-19
42018,1610612755,PHI,Philadelphia 76ers,0041800215,2019-05-07,PHI @ TOR,L,240,89,33,79,0.418,6,24,0.25,17,20,0.85,5,32,37,19,6,5,19,26,-36.0,2018-19
42018,1610612761,TOR,Toronto Raptors,0041800215,2019-05-07,TOR vs. PHI,W,240,125,40,82,0.488,16,40,0.4,29,33,0.879,6,36,42,22,12,2,10,18,36.0,2018-19
42018,1610612749,MIL,Milwaukee Bucks,0041800204,2019-05-06,MIL @ BOS,W,239,113,44,100,0.44,8,37,0.216,17,25,0.68,11,45,56,25,4,5,7,25,12.0,2018-19
42018,1610612738,BOS,Boston Celtics,0041800204,2019-05-06,BOS vs. MIL,L,240,101,34,90,0.378,9,41,0.22,24,30,0.8,9,42,51,25,3,5,10,20,-12.0,2018-19
42018,1610612755,PHI,Philadelphia 76ers,0041800214,2019-05-05,PHI vs. TOR,L,239,96,33,82,0.402,12,38,0.316,18,25,0.72,11,32,43,22,8,6,12,23,-5.0,2018-19
42018,1610612761,TOR,Toronto Raptors,0041800214,2019-05-05,TOR @ PHI,W,240,101,35,76,0.461,10,31,0.323,21,26,0.808,8,35,43,19,6,3,13,24,5.0,2018-19
42018,1610612738,BOS,Boston Celtics,0041800203,2019-05-03,BOS vs. MIL,L,240,116,35,81,0.432,16,40,0.4,30,32,0.938,6,38,44,24,9,3,17,27,-7.0,2018-19
42018,1610612749,MIL,Milwaukee Bucks,0041800203,2019-05-03,MIL @ BOS,W,239,123,42,83,0.506,15,37,0.405,24,36,0.667,7,37,44,23,8,7,15,26,7.0,2018-19
42018,1610612755,PHI,Philadelphia 76ers,0041800213,2019-05-02,PHI vs. TOR,W,239,116,43,84,0.512,10,23,0.435,20,23,0.87,9,36,45,29,4,8,13,17,21.0,2018-19
42018,1610612761,TOR,Toronto Raptors,0041800213,2019-05-02,TOR @ PHI,L,240,95,35,83,0.422,7,27,0.259,18,23,0.783,8,27,35,15,7,4,9,17,-21.0,2018-19
42018,1610612749,MIL,Milwaukee Bucks,0041800202,2019-04-30,MIL vs. BOS,W,240,123,39,88,0.443,20,47,0.426,25,31,0.806,10,43,53,22,6,4,11,24,21.0,2018-19
42018,1610612738,BOS,Boston Celtics,0041800202,2019-04-30,BOS @ MIL,L,241,102,34,86,0.395,10,28,0.357,24,27,0.889,7,38,45,19,5,2,13,23,-21.0,2018-19
42018,1610612761,TOR,Toronto Raptors,0041800212,2019-04-29,TOR vs. PHI,L,240,89,33,90,0.367,10,37,0.27,13,15,0.867,9,27,36,20,10,4,10,22,-5.0,2018-19
42018,1610612755,PHI,Philadelphia 76ers,0041800212,2019-04-29,PHI @ TOR,W,240,94,30,76,0.395,10,35,0.286,24,26,0.923,9,43,52,22,5,4,19,18,5.0,2018-19
42018,1610612738,BOS,Boston Celtics,0041800201,2019-04-28,BOS @ MIL,W,241,112,47,87,0.54,13,31,0.419,5,8,0.625,3,48,51,25,5,11,11,21,22.0,2018-19
42018,1610612749,MIL,Milwaukee Bucks,0041800201,2019-04-28,MIL vs. BOS,L,238,90,31,89,0.348,13,39,0.333,15,24,0.625,7,37,44,19,6,2,10,11,-22.0,2018-19
42018,1610612755,PHI,Philadelphia 76ers,0041800211,2019-04-27,PHI @ TOR,L,240,95,35,89,0.393,11,32,0.344,14,21,0.667,13,34,47,23,5,2,14,21,-13.0,2018-19
42018,1610612761,TOR,Toronto Raptors,0041800211,2019-04-27,TOR vs. PHI,W,240,108,41,79,0.519,9,27,0.333,17,24,0.708,2,38,40,21,3,6,10,24,13.0,2018-19
42018,1610612755,PHI,Philadelphia 76ers,0041800125,2019-04-23,PHI vs. BKN,W,240,122,51,100,0.51,14,33,0.424,6,9,0.667,11,45,56,35,10,3,19,21,22.0,2018-19
42018,1610612761,TOR,Toronto Raptors,0041800115,2019-04-23,TOR vs. ORL,W,240,115,41,85,0.482,15,36,0.417,18,21,0.857,8,40,48,34,8,3,14,30,19.0,2018-19
42018,1610612753,ORL,Orlando Magic,0041800115,2019-04-23,ORL @ TOR,L,240,96,32,83,0.386,9,34,0.265,23,31,0.742,12,36,48,20,7,5,16,21,-19.0,2018-19
42018,1610612751,BKN,Brooklyn Nets,0041800125,2019-04-23,BKN @ PHI,L,240,100,36,93,0.387,9,31,0.29,19,25,0.76,9,32,41,26,10,4,14,13,-22.0,2018-19
42018,1610612765,DET,Detroit Pistons,0041800104,2019-04-22,DET vs. MIL,L,240,104,41,100,0.41,13,34,0.382,9,12,0.75,10,26,36,26,8,1,10,31,-23.0,2018-19
42018,1610612749,MIL,Milwaukee Bucks,0041800104,2019-04-22,MIL @ DET,W,240,127,43,79,0.544,10,28,0.357,31,41,0.756,10,44,54,27,6,10,17,21,23.0,2018-19
42018,1610612761,TOR,Toronto Raptors,0041800114,2019-04-21,TOR @ ORL,W,241,107,40,75,0.533,11,28,0.393,16,18,0.889,7,38,45,23,11,6,14,20,22.0,2018-19
42018,1610612753,ORL,Orlando Magic,0041800114,2019-04-21,ORL vs. TOR,L,241,85,34,81,0.42,7,33,0.212,10,13,0.769,7,27,34,20,7,2,17,19,-22.0,2018-19
42018,1610612754,IND,Indiana Pacers,0041800134,2019-04-21,IND vs. BOS,L,240,106,36,88,0.409,10,28,0.357,24,28,0.857,11,32,43,18,5,2,12,25,-4.0,2018-19
42018,1610612738,BOS,Boston Celtics,0041800134,2019-04-21,BOS @ IND,W,240,110,36,78,0.462,11,28,0.393,27,34,0.794,7,36,43,18,7,1,16,23,4.0,2018-19
42018,1610612765,DET,Detroit Pistons,0041800103,2019-04-20,DET vs. MIL,L,240,103,37,96,0.385,11,36,0.306,18,24,0.75,15,29,44,21,9,6,9,24,-16.0,2018-19
42018,1610612749,MIL,Milwaukee Bucks,0041800103,2019-04-20,MIL @ DET,W,240,119,42,86,0.488,14,38,0.368,21,24,0.875,13,38,51,24,5,6,15,22,16.0,2018-19
42018,1610612755,PHI,Philadelphia 76ers,0041800124,2019-04-20,PHI @ BKN,W,239,112,44,88,0.5,8,26,0.308,16,21,0.762,12,44,56,25,6,8,19,24,4.0,2018-19
42018,1610612751,BKN,Brooklyn Nets,0041800124,2019-04-20,BKN vs. PHI,L,240,108,36,90,0.4,12,38,0.316,24,31,0.774,12,29,41,23,10,4,14,26,-4.0,2018-19
42018,1610612753,ORL,Orlando Magic,0041800113,2019-04-19,ORL vs. TOR,L,240,93,29,80,0.363,13,44,0.295,22,23,0.957,7,35,42,19,8,5,16,17,-5.0,2018-19
42018,1610612761,TOR,Toronto Raptors,0041800113,2019-04-19,TOR @ ORL,W,239,98,39,87,0.448,11,28,0.393,9,10,0.9,8,35,43,26,9,3,13,23,5.0,2018-19
42018,1610612738,BOS,Boston Celtics,0041800133,2019-04-19,BOS @ IND,W,239,104,38,81,0.469,15,34,0.441,13,22,0.591,9,36,45,23,4,4,13,19,8.0,2018-19
42018,1610612754,IND,Indiana Pacers,0041800133,2019-04-19,IND vs. BOS,L,239,96,34,81,0.42,11,30,0.367,17,23,0.739,8,32,40,20,9,4,9,19,-8.0,2018-19
42018,1610612755,PHI,Philadelphia 76ers,0041800123,2019-04-18,PHI @ BKN,W,240,131,45,94,0.479,11,27,0.407,30,35,0.857,15,39,54,26,9,5,16,29,16.0,2018-19
42018,1610612751,BKN,Brooklyn Nets,0041800123,2019-04-18,BKN vs. PHI,L,239,115,39,96,0.406,8,39,0.205,29,35,0.829,13,30,43,12,6,2,15,24,-16.0,2018-19
42018,1610612754,IND,Indiana Pacers,0041800132,2019-04-17,IND @ BOS,L,241,91,36,81,0.444,13,34,0.382,6,10,0.6,4,32,36,23,11,3,11,16,-8.0,2018-19
42018,1610612738,BOS,Boston Celtics,0041800132,2019-04-17,BOS vs. IND,W,240,99,40,84,0.476,11,28,0.393,8,9,0.889,7,41,48,22,3,5,14,16,8.0,2018-19
42018,1610612765,DET,Detroit Pistons,0041800102,2019-04-17,DET @ MIL,L,240,99,37,99,0.374,12,36,0.333,13,17,0.765,11,32,43,23,5,7,8,21,-21.0,2018-19
42018,1610612749,MIL,Milwaukee Bucks,0041800102,2019-04-17,MIL vs. DET,W,242,120,47,90,0.522,11,26,0.423,15,21,0.714,8,46,54,32,5,11,12,21,21.0,2018-19
42018,1610612761,TOR,Toronto Raptors,0041800112,2019-04-16,TOR vs. ORL,W,242,111,42,87,0.483,11,35,0.314,16,17,0.941,6,36,42,25,10,5,7,23,29.0,2018-19
42018,1610612753,ORL,Orlando Magic,0041800112,2019-04-16,ORL @ TOR,L,241,82,30,81,0.37,9,34,0.265,13,24,0.542,12,33,45,17,2,4,17,18,-29.0,2018-19
42018,1610612755,PHI,Philadelphia 76ers,0041800122,2019-04-15,PHI vs. BKN,W,240,145,55,98,0.561,9,23,0.391,26,32,0.813,15,34,49,29,8,3,12,23,22.0,2018-19
42018,1610612751,BKN,Brooklyn Nets,0041800122,2019-04-15,BKN @ PHI,L,239,123,43,90,0.478,15,36,0.417,22,29,0.759,12,20,32,20,3,2,14,24,-22.0,2018-19
42018,1610612765,DET,Detroit Pistons,0041800101,2019-04-14,DET @ MIL,L,241,86,35,92,0.38,8,27,0.296,8,13,0.615,7,39,46,22,7,2,13,21,-35.0,2018-19
42018,1610612749,MIL,Milwaukee Bucks,0041800101,2019-04-14,MIL vs. DET,W,240,121,44,90,0.489,15,43,0.349,18,26,0.692,8,46,54,31,7,8,10,16,35.0,2018-19
42018,1610612754,IND,Indiana Pacers,0041800131,2019-04-14,IND @ BOS,L,242,74,28,84,0.333,6,27,0.222,12,21,0.571,9,33,42,22,8,5,13,20,-10.0,2018-19
42018,1610612738,BOS,Boston Celtics,0041800131,2019-04-14,BOS vs. IND,W,238,84,28,77,0.364,10,28,0.357,18,22,0.818,7,48,55,18,8,2,17,20,10.0,2018-19
42018,1610612761,TOR,Toronto Raptors,0041800111,2019-04-13,TOR vs. ORL,L,240,101,40,88,0.455,12,36,0.333,9,14,0.643,6,39,45,23,4,4,12,19,-3.0,2018-19
42018,1610612751,BKN,Brooklyn Nets,0041800121,2019-04-13,BKN @ PHI,W,241,111,38,88,0.432,11,26,0.423,24,26,0.923,10,35,45,15,9,2,11,27,9.0,2018-19
42018,1610612755,PHI,Philadelphia 76ers,0041800121,2019-04-13,PHI vs. BKN,L,239,102,35,86,0.407,3,25,0.12,29,42,0.69,16,34,50,20,6,11,13,24,-9.0,2018-19
42018,1610612753,ORL,Orlando Magic,0041800111,2019-04-13,ORL @ TOR,W,241,104,36,90,0.4,14,29,0.483,18,20,0.9,10,38,48,19,9,4,11,19,3.0,2018-19
42019,1610612748,MIA,Miami Heat,0041900406,2020-10-11,MIA vs. LAL,L,240,93,35,79,0.443,10,28,0.357,13,22,0.591,9,32,41,25,4,4,13,18,-13.0,2019-20
42019,1610612748,MIA,Miami Heat,0041900405,2020-10-09,MIA @ LAL,W,241,111,38,83,0.458,14,33,0.424,21,22,0.955,9,26,35,26,7,3,13,19,3.0,2019-20
42019,1610612748,MIA,Miami Heat,0041900404,2020-10-06,MIA vs. LAL,L,239,96,32,75,0.427,11,32,0.344,21,26,0.808,7,32,39,18,8,3,11,21,-6.0,2019-20
42019,1610612748,MIA,Miami Heat,0041900403,2020-10-04,MIA vs. LAL,W,240,115,41,80,0.513,12,34,0.353,21,23,0.913,3,34,37,25,8,3,12,23,11.0,2019-20
42019,1610612748,MIA,Miami Heat,0041900402,2020-10-02,MIA @ LAL,L,240,114,36,71,0.507,11,27,0.407,31,34,0.912,6,31,37,29,2,1,9,23,-10.0,2019-20
42019,1610612748,MIA,Miami Heat,0041900401,2020-09-30,MIA @ LAL,L,239,98,38,89,0.427,11,35,0.314,11,14,0.786,5,31,36,23,4,5,8,15,-18.0,2019-20
42019,1610612748,MIA,Miami Heat,0041900306,2020-09-27,MIA vs. BOS,W,240,125,45,80,0.563,13,27,0.481,22,26,0.846,2,38,40,30,6,2,12,13,12.0,2019-20
42019,1610612738,BOS,Boston Celtics,0041900306,2020-09-27,BOS @ MIA,L,240,113,43,99,0.434,15,46,0.326,12,15,0.8,13,29,42,26,7,2,10,21,-12.0,2019-20
42019,1610612738,BOS,Boston Celtics,0041900305,2020-09-25,BOS vs. MIA,W,238,121,42,93,0.452,12,38,0.316,25,29,0.862,13,37,50,29,7,4,11,23,13.0,2019-20
42019,1610612748,MIA,Miami Heat,0041900305,2020-09-25,MIA @ BOS,L,239,108,39,86,0.453,7,36,0.194,23,29,0.793,6,32,38,27,3,5,12,29,-13.0,2019-20
42019,1610612748,MIA,Miami Heat,0041900304,2020-09-23,MIA vs. BOS,W,240,112,39,91,0.429,10,37,0.27,24,27,0.889,10,30,40,20,9,2,8,20,3.0,2019-20
42019,1610612738,BOS,Boston Celtics,0041900304,2020-09-23,BOS @ MIA,L,239,109,39,82,0.476,14,40,0.35,17,21,0.81,12,34,46,28,3,5,19,24,-3.0,2019-20
42019,1610612748,MIA,Miami Heat,0041900303,2020-09-19,MIA vs. BOS,L,239,106,33,85,0.388,12,44,0.273,28,34,0.824,12,30,42,21,5,8,13,24,-11.0,2019-20
42019,1610612738,BOS,Boston Celtics,0041900303,2020-09-19,BOS @ MIA,W,240,117,41,85,0.482,9,26,0.346,26,30,0.867,10,40,50,27,8,3,14,29,11.0,2019-20
42019,1610612738,BOS,Boston Celtics,0041900302,2020-09-17,BOS vs. MIA,L,240,101,36,72,0.5,10,28,0.357,19,24,0.792,6,35,41,19,5,3,20,22,-5.0,2019-20
42019,1610612748,MIA,Miami Heat,0041900302,2020-09-17,MIA @ BOS,W,238,106,40,90,0.444,14,43,0.326,12,14,0.857,11,27,38,27,11,2,9,19,5.0,2019-20
42019,1610612738,BOS,Boston Celtics,0041900301,2020-09-15,BOS vs. MIA,L,264,114,39,88,0.443,15,42,0.357,21,23,0.913,6,31,37,24,9,6,10,25,-3.2,2019-20
42019,1610612748,MIA,Miami Heat,0041900301,2020-09-15,MIA @ BOS,W,265,117,40,85,0.471,16,36,0.444,21,28,0.75,7,34,41,32,6,6,12,23,3.0,2019-20
42019,1610612738,BOS,Boston Celtics,0041900217,2020-09-11,BOS @ TOR,W,240,92,35,86,0.407,9,38,0.237,13,23,0.565,10,34,44,19,12,5,10,16,5.0,2019-20
42019,1610612761,TOR,Toronto Raptors,0041900217,2020-09-11,TOR vs. BOS,L,240,87,31,75,0.413,8,28,0.286,17,19,0.895,7,37,44,17,1,6,18,23,-5.0,2019-20
42019,1610612761,TOR,Toronto Raptors,0041900216,2020-09-09,TOR @ BOS,W,289,125,44,101,0.436,19,47,0.404,18,25,0.72,8,38,46,22,10,8,12,26,3.0,2019-20
42019,1610612738,BOS,Boston Celtics,0041900216,2020-09-09,BOS vs. TOR,L,290,122,44,100,0.44,19,46,0.413,15,18,0.833,14,44,58,32,5,4,15,25,-3.0,2019-20
42019,1610612748,MIA,Miami Heat,0041900205,2020-09-08,MIA @ MIL,W,241,103,35,73,0.479,11,31,0.355,22,24,0.917,5,43,48,21,6,7,21,21,9.0,2019-20
42019,1610612749,MIL,Milwaukee Bucks,0041900205,2020-09-08,MIL vs. MIA,L,241,94,33,91,0.363,9,33,0.273,19,26,0.731,13,28,41,20,7,5,11,23,-9.0,2019-20
42019,1610612761,TOR,Toronto Raptors,0041900215,2020-09-07,TOR vs. BOS,L,241,89,33,85,0.388,12,40,0.3,11,13,0.846,10,26,36,19,8,5,13,24,-22.0,2019-20
42019,1610612738,BOS,Boston Celtics,0041900215,2020-09-07,BOS @ TOR,W,238,111,38,77,0.494,11,34,0.324,24,27,0.889,4,41,45,23,5,6,11,19,22.0,2019-20
42019,1610612748,MIA,Miami Heat,0041900204,2020-09-06,MIA vs. MIL,L,266,115,40,90,0.444,17,47,0.362,18,20,0.9,6,35,41,33,8,1,15,18,-3.0,2019-20
42019,1610612749,MIL,Milwaukee Bucks,0041900204,2020-09-06,MIL @ MIA,W,265,118,45,92,0.489,11,35,0.314,17,22,0.773,9,37,46,25,10,4,12,20,3.0,2019-20
42019,1610612738,BOS,Boston Celtics,0041900214,2020-09-05,BOS vs. TOR,L,240,93,33,75,0.44,7,35,0.2,20,27,0.741,6,39,45,18,6,2,14,20,-7.0,2019-20
42019,1610612761,TOR,Toronto Raptors,0041900214,2020-09-05,TOR @ BOS,W,240,100,34,86,0.395,17,44,0.386,15,19,0.789,8,33,41,23,4,5,12,21,7.0,2019-20
42019,1610612748,MIA,Miami Heat,0041900203,2020-09-04,MIA vs. MIL,W,240,115,35,78,0.449,18,47,0.383,27,34,0.794,9,40,49,27,3,6,11,19,15.0,2019-20
42019,1610612749,MIL,Milwaukee Bucks,0041900203,2020-09-04,MIL @ MIA,L,240,100,37,88,0.42,11,37,0.297,15,21,0.714,8,36,44,23,8,5,10,22,-15.0,2019-20
42019,1610612761,TOR,Toronto Raptors,0041900213,2020-09-03,TOR @ BOS,W,239,104,41,88,0.466,13,40,0.325,9,16,0.563,6,33,39,23,7,5,13,20,1.0,2019-20
42019,1610612738,BOS,Boston Celtics,0041900213,2020-09-03,BOS vs. TOR,L,239,103,39,83,0.47,9,29,0.31,16,21,0.762,7,37,44,21,6,7,14,16,-1.0,2019-20
42019,1610612749,MIL,Milwaukee Bucks,0041900202,2020-09-02,MIL vs. MIA,L,240,114,37,85,0.435,7,25,0.28,33,39,0.846,17,33,50,16,6,2,14,25,-2.0,2019-20
42019,1610612748,MIA,Miami Heat,0041900202,2020-09-02,MIA @ MIL,W,241,116,37,81,0.457,17,45,0.378,25,32,0.781,7,31,38,22,12,4,10,26,2.0,2019-20
42019,1610612738,BOS,Boston Celtics,0041900212,2020-09-01,BOS @ TOR,W,241,102,32,76,0.421,15,38,0.395,23,25,0.92,4,40,44,18,6,9,17,20,3.0,2019-20
42019,1610612761,TOR,Toronto Raptors,0041900212,2020-09-01,TOR vs. BOS,L,240,99,36,90,0.4,11,40,0.275,16,19,0.842,7,34,41,25,10,7,12,19,-3.0,2019-20
42019,1610612749,MIL,Milwaukee Bucks,0041900201,2020-08-31,MIL vs. MIA,L,239,104,37,75,0.493,16,35,0.457,14,26,0.538,7,27,34,22,6,7,19,24,-11.0,2019-20
42019,1610612748,MIA,Miami Heat,0041900201,2020-08-31,MIA @ MIL,W,241,115,39,84,0.464,12,31,0.387,25,27,0.926,12,34,46,21,8,2,16,23,11.0,2019-20
42019,1610612761,TOR,Toronto Raptors,0041900211,2020-08-30,TOR vs. BOS,L,241,94,31,84,0.369,10,40,0.25,22,29,0.759,7,33,40,22,10,2,14,24,-18.0,2019-20
42019,1610612738,BOS,Boston Celtics,0041900211,2020-08-30,BOS @ TOR,W,240,112,39,83,0.47,17,39,0.436,17,21,0.81,5,45,50,25,8,4,22,22,18.0,2019-20
42019,1610612753,ORL,Orlando Magic,0041900105,2020-08-29,ORL @ MIL,L,240,104,37,94,0.394,15,41,0.366,15,21,0.714,8,39,47,22,3,2,11,23,-14.0,2019-20
42019,1610612749,MIL,Milwaukee Bucks,0041900105,2020-08-29,MIL vs. ORL,W,241,118,40,88,0.455,16,45,0.356,22,27,0.815,7,49,56,27,5,4,14,19,14.0,2019-20
42019,1610612753,ORL,Orlando Magic,0041900104,2020-08-24,ORL vs. MIL,L,240,106,36,87,0.414,18,45,0.4,16,20,0.8,5,38,43,26,7,6,16,23,-15.0,2019-20
42019,1610612749,MIL,Milwaukee Bucks,0041900104,2020-08-24,MIL @ ORL,W,240,121,45,91,0.495,17,41,0.415,14,21,0.667,8,41,49,29,7,5,12,19,15.0,2019-20
42019,1610612754,IND,Indiana Pacers,0041900134,2020-08-24,IND @ MIA,L,241,87,33,80,0.413,14,37,0.378,7,11,0.636,5,29,34,20,8,6,15,16,-12.0,2019-20
42019,1610612748,MIA,Miami Heat,0041900134,2020-08-24,MIA vs. IND,W,240,99,40,91,0.44,8,30,0.267,11,14,0.786,17,43,60,24,8,4,13,12,12.0,2019-20
42019,1610612738,BOS,Boston Celtics,0041900124,2020-08-23,BOS @ PHI,W,240,110,38,82,0.463,12,35,0.343,22,29,0.759,10,32,42,19,4,5,14,25,4.0,2019-20
42019,1610612761,TOR,Toronto Raptors,0041900114,2020-08-23,TOR @ BKN,W,241,150,56,101,0.554,22,47,0.468,16,22,0.727,12,45,57,39,9,6,10,26,28.0,2019-20
42019,1610612751,BKN,Brooklyn Nets,0041900114,2020-08-23,BKN vs. TOR,L,241,122,39,98,0.398,19,50,0.38,25,33,0.758,12,32,44,21,5,6,14,17,-28.0,2019-20
42019,1610612755,PHI,Philadelphia 76ers,0041900124,2020-08-23,PHI vs. BOS,L,238,106,35,82,0.427,9,34,0.265,27,34,0.794,8,31,39,12,7,5,8,25,-4.0,2019-20
42019,1610612749,MIL,Milwaukee Bucks,0041900103,2020-08-22,MIL @ ORL,W,242,121,46,82,0.561,17,37,0.459,12,17,0.706,3,40,43,27,12,3,18,20,14.0,2019-20
42019,1610612753,ORL,Orlando Magic,0041900103,2020-08-22,ORL vs. MIL,L,242,107,38,84,0.452,19,39,0.487,12,14,0.857,6,29,35,24,9,1,18,15,-14.0,2019-20
42019,1610612754,IND,Indiana Pacers,0041900133,2020-08-22,IND @ MIA,L,240,115,41,84,0.488,12,33,0.364,21,28,0.75,7,30,37,23,10,5,14,31,-9.0,2019-20
42019,1610612748,MIA,Miami Heat,0041900133,2020-08-22,MIA vs. IND,W,241,124,34,75,0.453,13,33,0.394,43,52,0.827,7,39,46,23,10,2,16,19,9.0,2019-20
42019,1610612738,BOS,Boston Celtics,0041900123,2020-08-21,BOS @ PHI,W,240,102,36,87,0.414,8,31,0.258,22,24,0.917,3,42,45,15,7,8,10,23,8.0,2019-20
42019,1610612751,BKN,Brooklyn Nets,0041900113,2020-08-21,BKN vs. TOR,L,239,92,30,90,0.333,16,51,0.314,16,22,0.727,9,33,42,24,8,4,13,14,-25.0,2019-20
42019,1610612755,PHI,Philadelphia 76ers,0041900123,2020-08-21,PHI vs. BOS,L,241,94,28,95,0.295,9,39,0.231,29,34,0.853,20,37,57,14,6,7,12,19,-8.0,2019-20
42019,1610612761,TOR,Toronto Raptors,0041900113,2020-08-21,TOR @ BKN,W,239,117,46,91,0.505,18,38,0.474,7,11,0.636,8,48,56,35,8,4,14,21,25.0,2019-20
42019,1610612754,IND,Indiana Pacers,0041900132,2020-08-20,IND vs. MIA,L,240,100,36,81,0.444,12,34,0.353,16,20,0.8,4,34,38,25,12,7,16,23,-9.0,2019-20
42019,1610612753,ORL,Orlando Magic,0041900102,2020-08-20,ORL @ MIL,L,240,96,31,89,0.348,7,33,0.212,27,31,0.871,10,32,42,18,9,5,11,18,-15.0,2019-20
42019,1610612749,MIL,Milwaukee Bucks,0041900102,2020-08-20,MIL vs. ORL,W,241,111,42,89,0.472,15,41,0.366,12,16,0.75,11,46,57,26,5,4,20,26,15.0,2019-20
42019,1610612748,MIA,Miami Heat,0041900132,2020-08-20,MIA @ IND,W,239,109,36,76,0.474,18,35,0.514,19,28,0.679,7,34,41,27,9,4,16,15,9.0,2019-20
42019,1610612761,TOR,Toronto Raptors,0041900112,2020-08-19,TOR vs. BKN,W,238,104,38,87,0.437,9,35,0.257,19,28,0.679,8,36,44,22,7,6,8,21,5.0,2019-20
42019,1610612751,BKN,Brooklyn Nets,0041900112,2020-08-19,BKN @ TOR,L,240,99,33,85,0.388,14,41,0.341,19,27,0.704,7,39,46,25,3,6,17,25,-5.0,2019-20
42019,1610612738,BOS,Boston Celtics,0041900122,2020-08-19,BOS vs. PHI,W,241,128,44,86,0.512,19,43,0.442,21,29,0.724,10,33,43,20,4,5,6,28,27.0,2019-20
42019,1610612755,PHI,Philadelphia 76ers,0041900122,2020-08-19,PHI @ BOS,L,241,101,33,79,0.418,5,21,0.238,30,37,0.811,6,32,38,21,2,3,9,21,-27.0,2019-20
42019,1610612749,MIL,Milwaukee Bucks,0041900101,2020-08-18,MIL vs. ORL,L,239,110,39,90,0.433,14,42,0.333,18,28,0.643,11,36,47,28,6,3,16,19,-12.0,2019-20
42019,1610612748,MIA,Miami Heat,0041900131,2020-08-18,MIA @ IND,W,241,113,40,81,0.494,13,35,0.371,20,25,0.8,6,29,35,22,8,7,9,17,12.0,2019-20
42019,1610612754,IND,Indiana Pacers,0041900131,2020-08-18,IND vs. MIA,L,241,101,36,76,0.474,10,24,0.417,19,22,0.864,7,30,37,22,7,4,13,23,-12.0,2019-20
42019,1610612753,ORL,Orlando Magic,0041900101,2020-08-18,ORL @ MIL,W,238,122,44,89,0.494,16,41,0.39,18,19,0.947,4,44,48,29,6,2,15,26,12.0,2019-20
42019,1610612755,PHI,Philadelphia 76ers,0041900121,2020-08-17,PHI @ BOS,L,239,101,37,80,0.463,9,27,0.333,18,23,0.783,15,35,50,23,5,3,18,24,-8.0,2019-20
42019,1610612751,BKN,Brooklyn Nets,0041900111,2020-08-17,BKN @ TOR,L,238,110,43,92,0.467,13,42,0.31,11,16,0.688,9,36,45,33,4,2,14,29,-24.0,2019-20
42019,1610612761,TOR,Toronto Raptors,0041900111,2020-08-17,TOR vs. BKN,W,239,134,40,85,0.471,22,44,0.5,32,33,0.97,9,38,47,26,4,6,11,22,24.0,2019-20
42019,1610612738,BOS,Boston Celtics,0041900121,2020-08-17,BOS vs. PHI,W,239,109,38,90,0.422,10,31,0.323,23,26,0.885,16,27,43,22,12,4,7,21,8.0,2019-20
42020,1610612749,MIL,Milwaukee Bucks,0042000406,2021-07-20,MIL vs. PHX,W,240,105,37,82,0.451,6,27,0.222,25,29,0.862,11,42,53,20,10,6,18,17,7.0,2020-21
42020,1610612749,MIL,Milwaukee Bucks,0042000405,2021-07-17,MIL @ PHX,W,240,123,50,87,0.575,14,28,0.5,9,17,0.529,11,26,37,26,7,1,11,17,4.0,2020-21
42020,1610612749,MIL,Milwaukee Bucks,0042000404,2021-07-14,MIL vs. PHX,W,240,109,39,97,0.402,7,29,0.241,24,29,0.828,17,31,48,22,11,3,5,18,6.0,2020-21
42020,1610612749,MIL,Milwaukee Bucks,0042000403,2021-07-11,MIL vs. PHX,W,240,120,43,90,0.478,14,36,0.389,20,26,0.769,13,34,47,28,8,2,9,18,20.0,2020-21
42020,1610612749,MIL,Milwaukee Bucks,0042000402,2021-07-08,MIL @ PHX,L,240,108,42,93,0.452,9,31,0.29,15,23,0.652,18,28,46,21,8,7,9,17,-10.0,2020-21
42020,1610612749,MIL,Milwaukee Bucks,0042000401,2021-07-06,MIL @ PHX,L,240,105,40,88,0.455,16,36,0.444,9,16,0.563,9,38,47,21,4,2,13,18,-13.0,2020-21
42020,1610612737,ATL,Atlanta Hawks,0042000306,2021-07-03,ATL vs. MIL,L,241,107,38,92,0.413,12,32,0.375,19,23,0.826,13,30,43,22,11,2,16,16,-11.0,2020-21
42020,1610612749,MIL,Milwaukee Bucks,0042000306,2021-07-03,MIL @ ATL,W,239,118,41,89,0.461,17,45,0.378,19,21,0.905,12,34,46,24,11,5,14,23,11.0,2020-21
42020,1610612749,MIL,Milwaukee Bucks,0042000305,2021-07-01,MIL vs. ATL,W,242,123,48,95,0.505,9,29,0.31,18,25,0.72,14,33,47,28,11,5,8,17,11.0,2020-21
42020,1610612737,ATL,Atlanta Hawks,0042000305,2021-07-01,ATL @ MIL,L,241,112,41,90,0.456,15,38,0.395,15,19,0.789,13,27,40,24,6,5,14,22,-11.0,2020-21
42020,1610612749,MIL,Milwaukee Bucks,0042000304,2021-06-29,MIL @ ATL,L,237,88,33,84,0.393,8,39,0.205,14,19,0.737,12,31,43,19,6,3,15,18,-22.0,2020-21
42020,1610612737,ATL,Atlanta Hawks,0042000304,2021-06-29,ATL vs. MIL,W,239,110,43,85,0.506,13,38,0.342,11,13,0.846,8,35,43,26,11,4,11,22,22.0,2020-21
42020,1610612737,ATL,Atlanta Hawks,0042000303,2021-06-27,ATL vs. MIL,L,240,102,39,84,0.464,15,37,0.405,9,16,0.563,9,26,35,20,8,7,12,22,-11.0,2020-21
42020,1610612749,MIL,Milwaukee Bucks,0042000303,2021-06-27,MIL @ ATL,W,240,113,45,88,0.511,11,29,0.379,12,21,0.571,15,35,50,27,8,5,11,18,11.0,2020-21
42020,1610612737,ATL,Atlanta Hawks,0042000302,2021-06-25,ATL @ MIL,L,240,91,34,82,0.415,9,36,0.25,14,17,0.824,7,27,34,13,8,4,19,22,-34.0,2020-21
42020,1610612749,MIL,Milwaukee Bucks,0042000302,2021-06-25,MIL vs. ATL,W,239,125,50,96,0.521,15,41,0.366,10,16,0.625,16,31,47,29,14,3,15,20,34.0,2020-21
42020,1610612749,MIL,Milwaukee Bucks,0042000301,2021-06-23,MIL vs. ATL,L,241,113,47,102,0.461,8,36,0.222,11,14,0.786,12,33,45,27,6,4,8,14,-3.0,2020-21
42020,1610612737,ATL,Atlanta Hawks,0042000301,2021-06-23,ATL @ MIL,W,239,116,47,95,0.495,8,32,0.25,14,16,0.875,12,39,51,19,5,2,11,17,3.0,2020-21
42020,1610612737,ATL,Atlanta Hawks,0042000207,2021-06-20,ATL @ PHI,W,239,103,36,81,0.444,7,27,0.259,24,32,0.75,6,38,44,22,9,1,10,23,7.0,2020-21
42020,1610612755,PHI,Philadelphia 76ers,0042000207,2021-06-20,PHI vs. ATL,L,240,96,34,80,0.425,9,28,0.321,19,25,0.76,7,41,48,26,7,4,17,28,-7.0,2020-21
42020,1610612749,MIL,Milwaukee Bucks,0042000217,2021-06-19,MIL @ BKN,W,263,115,43,98,0.439,15,36,0.417,14,21,0.667,18,30,48,20,9,7,7,20,4.0,2020-21
42020,1610612751,BKN,Brooklyn Nets,0042000217,2021-06-19,BKN vs. MIL,L,265,111,39,84,0.464,12,39,0.308,21,25,0.84,11,35,46,23,4,3,13,20,-4.0,2020-21
42020,1610612755,PHI,Philadelphia 76ers,0042000206,2021-06-18,PHI @ ATL,W,239,104,38,93,0.409,12,29,0.414,16,23,0.696,14,37,51,15,7,5,11,24,5.0,2020-21
42020,1610612737,ATL,Atlanta Hawks,0042000206,2021-06-18,ATL vs. PHI,L,240,99,38,92,0.413,10,31,0.323,13,24,0.542,8,39,47,19,6,3,12,22,-5.0,2020-21
42020,1610612751,BKN,Brooklyn Nets,0042000216,2021-06-17,BKN @ MIL,L,242,89,36,81,0.444,9,30,0.3,8,14,0.571,9,30,39,14,11,1,16,18,-15.0,2020-21
42020,1610612749,MIL,Milwaukee Bucks,0042000216,2021-06-17,MIL vs. BKN,W,240,104,37,82,0.451,7,33,0.212,23,28,0.821,15,36,51,14,12,6,13,13,15.0,2020-21
42020,1610612755,PHI,Philadelphia 76ers,0042000205,2021-06-16,PHI vs. ATL,L,241,106,35,75,0.467,13,30,0.433,23,38,0.605,7,37,44,20,7,6,15,21,-3.0,2020-21
42020,1610612737,ATL,Atlanta Hawks,0042000205,2021-06-16,ATL @ PHI,W,239,109,39,85,0.459,9,26,0.346,22,28,0.786,10,30,40,14,10,4,11,28,3.0,2020-21
42020,1610612749,MIL,Milwaukee Bucks,0042000215,2021-06-15,MIL @ BKN,L,239,108,41,83,0.494,13,32,0.406,13,17,0.765,4,31,35,18,6,5,12,24,-6.0,2020-21
42020,1610612751,BKN,Brooklyn Nets,0042000215,2021-06-15,BKN vs. MIL,W,241,114,38,77,0.494,16,43,0.372,22,25,0.88,2,34,36,27,4,4,9,19,6.0,2020-21
42020,1610612755,PHI,Philadelphia 76ers,0042000204,2021-06-14,PHI @ ATL,L,239,100,37,85,0.435,11,27,0.407,15,21,0.714,8,47,55,23,2,6,12,18,-3.0,2020-21
42020,1610612737,ATL,Atlanta Hawks,0042000204,2021-06-14,ATL vs. PHI,W,240,103,37,101,0.366,12,40,0.3,17,21,0.81,12,37,49,24,5,4,4,18,3.0,2020-21
42020,1610612749,MIL,Milwaukee Bucks,0042000214,2021-06-13,MIL vs. BKN,W,241,107,39,88,0.443,16,47,0.34,13,20,0.65,4,38,42,27,10,7,12,22,11.0,2020-21
42020,1610612751,BKN,Brooklyn Nets,0042000214,2021-06-13,BKN @ MIL,L,239,96,36,83,0.434,10,33,0.303,14,18,0.778,3,40,43,20,7,3,17,20,-11.0,2020-21
42020,1610612737,ATL,Atlanta Hawks,0042000203,2021-06-11,ATL vs. PHI,L,240,111,39,82,0.476,6,23,0.261,27,32,0.844,11,25,36,15,6,1,11,28,-16.0,2020-21
42020,1610612755,PHI,Philadelphia 76ers,0042000203,2021-06-11,PHI @ ATL,W,240,127,46,79,0.582,10,21,0.476,25,39,0.641,10,26,36,28,8,4,10,26,16.0,2020-21
42020,1610612749,MIL,Milwaukee Bucks,0042000213,2021-06-10,MIL vs. BKN,W,241,86,34,90,0.378,6,31,0.194,12,19,0.632,7,49,56,12,3,8,10,12,3.0,2020-21
42020,1610612751,BKN,Brooklyn Nets,0042000213,2021-06-10,BKN @ MIL,L,240,83,34,94,0.362,8,32,0.25,7,8,0.875,7,43,50,15,8,5,7,22,-3.0,2020-21
42020,1610612755,PHI,Philadelphia 76ers,0042000202,2021-06-08,PHI vs. ATL,W,242,118,46,87,0.529,12,26,0.462,14,22,0.636,6,31,37,29,10,8,7,18,16.0,2020-21
42020,1610612737,ATL,Atlanta Hawks,0042000202,2021-06-08,ATL @ PHI,L,242,102,38,83,0.458,11,30,0.367,15,18,0.833,12,33,45,20,2,5,17,21,-16.0,2020-21
42020,1610612751,BKN,Brooklyn Nets,0042000212,2021-06-07,BKN vs. MIL,W,241,125,49,94,0.521,21,42,0.5,6,7,0.857,9,33,42,27,8,3,8,17,39.0,2020-21
42020,1610612749,MIL,Milwaukee Bucks,0042000212,2021-06-07,MIL @ BKN,L,241,86,37,84,0.44,8,27,0.296,4,9,0.444,11,33,44,14,2,3,16,12,-39.0,2020-21
42020,1610612737,ATL,Atlanta Hawks,0042000201,2021-06-06,ATL @ PHI,W,240,128,44,86,0.512,20,47,0.426,20,21,0.952,3,32,35,23,10,3,15,26,4.0,2020-21
42020,1610612755,PHI,Philadelphia 76ers,0042000201,2021-06-06,PHI vs. ATL,L,241,124,45,82,0.549,10,29,0.345,24,35,0.686,8,33,41,25,12,5,19,22,-4.0,2020-21
42020,1610612751,BKN,Brooklyn Nets,0042000211,2021-06-05,BKN vs. MIL,W,237,115,46,98,0.469,15,39,0.385,8,9,0.889,6,41,47,25,7,6,8,21,8.0,2020-21
42020,1610612749,MIL,Milwaukee Bucks,0042000211,2021-06-05,MIL @ BKN,L,241,107,45,101,0.446,6,30,0.2,11,19,0.579,15,43,58,21,4,3,14,15,-8.0,2020-21
42020,1610612737,ATL,Atlanta Hawks,0042000135,2021-06-02,ATL @ NYK,W,241,103,37,87,0.425,9,34,0.265,20,26,0.769,14,34,48,17,7,8,11,16,14.0,2020-21
42020,1610612752,NYK,New York Knicks,0042000135,2021-06-02,NYK vs. ATL,L,240,89,31,82,0.378,12,30,0.4,15,18,0.833,14,31,45,19,5,4,16,22,-14.0,2020-21
42020,1610612755,PHI,Philadelphia 76ers,0042000105,2021-06-02,PHI vs. WAS,W,240,129,43,84,0.512,9,27,0.333,34,43,0.791,8,32,40,28,9,6,8,25,17.0,2020-21
42020,1610612764,WAS,Washington Wizards,0042000105,2021-06-02,WAS @ PHI,L,243,112,39,79,0.494,8,20,0.4,26,33,0.788,7,31,38,22,4,3,15,30,-17.0,2020-21
42020,1610612751,BKN,Brooklyn Nets,0042000115,2021-06-01,BKN vs. BOS,W,239,123,43,84,0.512,15,32,0.469,22,25,0.88,7,32,39,26,6,7,8,21,14.0,2020-21
42020,1610612738,BOS,Boston Celtics,0042000115,2021-06-01,BOS @ BKN,L,240,109,40,92,0.435,11,40,0.275,18,23,0.783,13,31,44,18,3,12,11,21,-14.0,2020-21
42020,1610612764,WAS,Washington Wizards,0042000104,2021-05-31,WAS vs. PHI,W,240,122,40,88,0.455,9,24,0.375,33,42,0.786,13,44,57,24,8,12,13,27,0.6,2020-21
42020,1610612755,PHI,Philadelphia 76ers,0042000104,2021-05-31,PHI @ WAS,L,240,114,40,96,0.417,12,38,0.316,22,34,0.647,12,36,48,21,7,6,11,30,-8.0,2020-21
42020,1610612738,BOS,Boston Celtics,0042000114,2021-05-30,BOS vs. BKN,L,241,126,37,84,0.44,14,40,0.35,38,42,0.905,11,23,34,24,8,4,10,21,-15.0,2020-21
42020,1610612752,NYK,New York Knicks,0042000134,2021-05-30,NYK @ ATL,L,242,96,34,81,0.42,9,29,0.31,19,23,0.826,6,33,39,24,7,2,9,20,-17.0,2020-21
42020,1610612737,ATL,Atlanta Hawks,0042000134,2021-05-30,ATL vs. NYK,W,241,113,36,82,0.439,15,39,0.385,26,28,0.929,9,39,48,24,4,2,10,22,17.0,2020-21
42020,1610612751,BKN,Brooklyn Nets,0042000114,2021-05-30,BKN @ BOS,W,240,141,48,83,0.578,16,27,0.593,29,30,0.967,9,27,36,29,8,9,9,28,15.0,2020-21
42020,1610612764,WAS,Washington Wizards,0042000103,2021-05-29,WAS vs. PHI,L,239,103,38,96,0.396,8,35,0.229,19,25,0.76,13,28,41,18,5,3,8,18,-29.0,2020-21
42020,1610612748,MIA,Miami Heat,0042000124,2021-05-29,MIA vs. MIL,L,239,103,40,91,0.44,11,33,0.333,12,14,0.857,8,32,40,25,6,3,12,20,-17.0,2020-21
42020,1610612749,MIL,Milwaukee Bucks,0042000124,2021-05-29,MIL @ MIA,W,239,120,46,99,0.465,13,42,0.31,15,18,0.833,15,41,56,29,5,4,11,18,17.0,2020-21
42020,1610612755,PHI,Philadelphia 76ers,0042000103,2021-05-29,PHI @ WAS,W,240,132,51,87,0.586,17,33,0.515,13,20,0.65,7,44,51,31,7,5,15,25,29.0,2020-21
42020,1610612738,BOS,Boston Celtics,0042000113,2021-05-28,BOS vs. BKN,W,240,125,45,89,0.506,16,39,0.41,19,23,0.826,13,33,46,21,5,3,13,25,6.0,2020-21
42020,1610612737,ATL,Atlanta Hawks,0042000133,2021-05-28,ATL vs. NYK,W,241,105,42,81,0.519,16,27,0.593,5,8,0.625,4,38,42,28,2,5,11,23,11.0,2020-21
42020,1610612752,NYK,New York Knicks,0042000133,2021-05-28,NYK @ ATL,L,240,94,29,81,0.358,9,30,0.3,27,30,0.9,13,32,45,14,6,2,11,21,-11.0,2020-21
42020,1610612751,BKN,Brooklyn Nets,0042000113,2021-05-28,BKN @ BOS,L,240,119,38,84,0.452,16,38,0.421,27,31,0.871,10,27,37,16,8,3,9,23,-6.0,2020-21
42020,1610612749,MIL,Milwaukee Bucks,0042000123,2021-05-27,MIL @ MIA,W,239,113,43,89,0.483,13,36,0.361,14,18,0.778,10,45,55,25,6,2,15,19,29.0,2020-21
42020,1610612748,MIA,Miami Heat,0042000123,2021-05-27,MIA vs. MIL,L,239,84,32,85,0.376,9,32,0.281,11,13,0.846,7,35,42,19,9,6,15,26,-29.0,2020-21
42020,1610612752,NYK,New York Knicks,0042000132,2021-05-26,NYK vs. ATL,W,241,101,36,94,0.383,12,33,0.364,17,23,0.739,13,41,54,15,8,2,10,20,9.0,2020-21
42020,1610612764,WAS,Washington Wizards,0042000102,2021-05-26,WAS @ PHI,L,239,95,37,92,0.402,2,22,0.091,19,30,0.633,13,27,40,22,3,2,13,21,-25.0,2020-21
42020,1610612755,PHI,Philadelphia 76ers,0042000102,2021-05-26,PHI vs. WAS,W,241,120,49,88,0.557,9,21,0.429,13,19,0.684,8,37,45,26,10,14,11,21,25.0,2020-21
42020,1610612737,ATL,Atlanta Hawks,0042000132,2021-05-26,ATL @ NYK,L,241,92,31,84,0.369,12,44,0.273,18,22,0.818,6,35,41,17,5,12,13,21,-9.0,2020-21
42020,1610612751,BKN,Brooklyn Nets,0042000112,2021-05-25,BKN vs. BOS,W,238,130,46,88,0.523,17,38,0.447,21,22,0.955,12,34,46,31,7,7,14,23,22.0,2020-21
42020,1610612738,BOS,Boston Celtics,0042000112,2021-05-25,BOS @ BKN,L,239,108,39,92,0.424,12,34,0.353,18,23,0.783,15,28,43,23,10,4,15,20,-22.0,2020-21
42020,1610612748,MIA,Miami Heat,0042000122,2021-05-24,MIA @ MIL,L,241,98,33,82,0.402,8,28,0.286,24,35,0.686,9,27,36,20,6,2,11,13,-34.0,2020-21
42020,1610612749,MIL,Milwaukee Bucks,0042000122,2021-05-24,MIL vs. MIA,W,240,132,46,94,0.489,22,53,0.415,18,20,0.9,21,40,61,34,8,5,15,25,34.0,2020-21
42020,1610612737,ATL,Atlanta Hawks,0042000131,2021-05-23,ATL @ NYK,W,241,107,42,90,0.467,12,34,0.353,11,12,0.917,7,35,42,17,6,7,6,13,2.0,2020-21
42020,1610612752,NYK,New York Knicks,0042000131,2021-05-23,NYK vs. ATL,L,241,105,42,94,0.447,10,30,0.333,11,15,0.733,13,36,49,21,3,4,11,16,-2.0,2020-21
42020,1610612755,PHI,Philadelphia 76ers,0042000101,2021-05-23,PHI vs. WAS,W,240,125,46,93,0.495,10,32,0.313,23,33,0.697,13,27,40,27,10,5,11,18,7.0,2020-21
42020,1610612764,WAS,Washington Wizards,0042000101,2021-05-23,WAS @ PHI,L,241,118,49,88,0.557,8,20,0.4,12,15,0.8,7,34,41,26,4,4,15,24,-7.0,2020-21
42020,1610612748,MIA,Miami Heat,0042000121,2021-05-22,MIA @ MIL,L,265,107,36,99,0.364,20,50,0.4,15,19,0.789,12,39,51,22,8,3,17,23,-2.0,2020-21
42020,1610612749,MIL,Milwaukee Bucks,0042000121,2021-05-22,MIL vs. MIA,W,264,109,42,96,0.438,5,31,0.161,20,33,0.606,15,49,64,19,11,1,17,18,2.0,2020-21
42020,1610612738,BOS,Boston Celtics,0042000111,2021-05-22,BOS @ BKN,L,243,93,31,84,0.369,11,30,0.367,20,26,0.769,11,29,40,19,6,12,12,18,-11.0,2020-21
42020,1610612751,BKN,Brooklyn Nets,0042000111,2021-05-22,BKN vs. BOS,W,239,104,35,84,0.417,8,34,0.235,26,29,0.897,14,36,50,18,7,7,11,22,11.0,2020-21
42021,1610612738,BOS,Boston Celtics,0042100406,2022-06-16,BOS vs. GSW,L,239,90,34,80,0.425,11,28,0.393,11,12,0.917,11,30,41,27,8,8,22,16,-13.0,2021-22
42021,1610612738,BOS,Boston Celtics,0042100405,2022-06-13,BOS @ GSW,L,238,94,31,75,0.413,11,32,0.344,21,31,0.677,8,39,47,18,2,2,18,16,-10.0,2021-22
42021,1610612738,BOS,Boston Celtics,0042100404,2022-06-10,BOS vs. GSW,L,241,97,34,85,0.4,15,38,0.395,14,19,0.737,11,31,42,22,8,6,15,17,-10.0,2021-22
42021,1610612738,BOS,Boston Celtics,0042100403,2022-06-08,BOS vs. GSW,W,240,116,43,89,0.483,13,35,0.371,17,24,0.708,15,32,47,28,7,7,12,17,16.0,2021-22
42021,1610612738,BOS,Boston Celtics,0042100402,2022-06-05,BOS @ GSW,L,242,88,30,80,0.375,15,37,0.405,13,17,0.765,6,37,43,24,5,7,18,18,-19.0,2021-22
42021,1610612738,BOS,Boston Celtics,0042100401,2022-06-02,BOS @ GSW,W,242,120,43,85,0.506,21,41,0.512,13,16,0.813,7,32,39,33,7,6,12,13,12.0,2021-22
42021,1610612738,BOS,Boston Celtics,0042100307,2022-05-29,BOS @ MIA,W,241,100,35,85,0.412,11,32,0.344,19,24,0.792,10,41,51,22,4,6,13,26,4.0,2021-22
42021,1610612748,MIA,Miami Heat,0042100307,2022-05-29,MIA vs. BOS,L,240,96,37,88,0.42,6,30,0.2,16,24,0.667,7,37,44,16,4,5,8,18,-4.0,2021-22
42021,1610612748,MIA,Miami Heat,0042100306,2022-05-27,MIA @ BOS,W,239,111,36,78,0.462,15,35,0.429,24,25,0.96,11,26,37,25,10,2,17,27,8.0,2021-22
42021,1610612738,BOS,Boston Celtics,0042100306,2022-05-27,BOS vs. MIA,L,239,103,32,72,0.444,11,33,0.333,28,31,0.903,6,28,34,22,10,4,17,28,-8.0,2021-22
42021,1610612748,MIA,Miami Heat,0042100305,2022-05-25,MIA vs. BOS,L,240,80,30,94,0.319,7,45,0.156,13,14,0.929,19,30,49,14,7,2,12,19,-13.0,2021-22
42021,1610612738,BOS,Boston Celtics,0042100305,2022-05-25,BOS @ MIA,W,242,93,33,71,0.465,10,33,0.303,17,23,0.739,6,40,46,24,5,7,15,19,13.0,2021-22
42021,1610612738,BOS,Boston Celtics,0042100304,2022-05-23,BOS vs. MIA,W,242,102,31,78,0.397,8,34,0.235,32,38,0.842,14,46,60,21,4,11,9,15,20.0,2021-22
42021,1610612748,MIA,Miami Heat,0042100304,2022-05-23,MIA @ BOS,L,238,82,30,90,0.333,14,36,0.389,8,14,0.571,10,29,39,22,4,2,9,26,-20.0,2021-22
42021,1610612748,MIA,Miami Heat,0042100303,2022-05-21,MIA @ BOS,W,238,109,43,92,0.467,11,33,0.333,12,14,0.857,8,26,34,22,19,4,8,24,6.0,2021-22
42021,1610612738,BOS,Boston Celtics,0042100303,2022-05-21,BOS vs. MIA,L,239,103,34,70,0.486,12,32,0.375,23,30,0.767,9,35,44,21,2,7,23,21,-6.0,2021-22
42021,1610612738,BOS,Boston Celtics,0042100302,2022-05-19,BOS @ MIA,W,240,127,43,84,0.512,20,40,0.5,21,23,0.913,8,33,41,28,8,5,9,21,25.0,2021-22
42021,1610612748,MIA,Miami Heat,0042100302,2022-05-19,MIA vs. BOS,L,240,102,38,86,0.442,10,34,0.294,16,22,0.727,12,30,42,21,4,3,14,18,-25.0,2021-22
42021,1610612748,MIA,Miami Heat,0042100301,2022-05-17,MIA vs. BOS,W,239,118,39,80,0.488,10,30,0.333,30,34,0.882,9,30,39,18,10,12,12,24,11.0,2021-22
42021,1610612738,BOS,Boston Celtics,0042100301,2022-05-17,BOS @ MIA,L,240,107,36,79,0.456,11,34,0.324,24,32,0.75,8,30,38,22,8,8,16,23,-11.0,2021-22
42021,1610612738,BOS,Boston Celtics,0042100217,2022-05-15,BOS vs. MIL,W,240,109,37,88,0.42,22,55,0.4,13,18,0.722,8,40,48,29,5,7,12,19,28.0,2021-22
42021,1610612749,MIL,Milwaukee Bucks,0042100217,2022-05-15,MIL @ BOS,L,240,81,33,90,0.367,4,33,0.121,11,16,0.688,11,45,56,20,5,5,13,18,-28.0,2021-22
42021,1610612738,BOS,Boston Celtics,0042100216,2022-05-13,BOS @ MIL,W,239,108,38,87,0.437,17,43,0.395,15,23,0.652,8,34,42,22,5,7,8,17,13.0,2021-22
42021,1610612749,MIL,Milwaukee Bucks,0042100216,2022-05-13,MIL vs. BOS,L,238,95,36,88,0.409,7,29,0.241,16,18,0.889,7,42,49,15,5,3,10,25,-13.0,2021-22
42021,1610612748,MIA,Miami Heat,0042100206,2022-05-12,MIA @ PHI,W,240,99,42,87,0.483,7,28,0.25,8,11,0.727,13,36,49,19,7,6,12,12,9.0,2021-22
42021,1610612755,PHI,Philadelphia 76ers,0042100206,2022-05-12,PHI vs. MIA,L,239,90,36,87,0.414,12,37,0.324,6,7,0.857,6,29,35,21,8,6,13,16,-9.0,2021-22
42021,1610612738,BOS,Boston Celtics,0042100215,2022-05-11,BOS vs. MIL,L,240,107,42,82,0.512,10,31,0.323,13,15,0.867,5,31,36,25,6,7,10,19,-3.0,2021-22
42021,1610612749,MIL,Milwaukee Bucks,0042100215,2022-05-11,MIL @ BOS,W,240,110,40,92,0.435,13,29,0.448,17,21,0.81,17,32,49,22,5,5,13,14,3.0,2021-22
42021,1610612755,PHI,Philadelphia 76ers,0042100205,2022-05-10,PHI @ MIA,L,241,85,31,85,0.365,9,32,0.281,14,15,0.933,10,26,36,14,8,2,15,19,-35.0,2021-22
42021,1610612748,MIA,Miami Heat,0042100205,2022-05-10,MIA vs. PHI,W,242,120,45,84,0.536,13,33,0.394,17,23,0.739,8,38,46,26,8,4,11,13,35.0,2021-22
42021,1610612738,BOS,Boston Celtics,0042100214,2022-05-09,BOS @ MIL,W,240,116,42,84,0.5,14,37,0.378,18,20,0.9,4,34,38,25,2,4,11,25,8.0,2021-22
42021,1610612749,MIL,Milwaukee Bucks,0042100214,2022-05-09,MIL vs. BOS,L,242,108,39,94,0.415,9,27,0.333,21,27,0.778,13,35,48,18,6,3,7,17,-8.0,2021-22
42021,1610612748,MIA,Miami Heat,0042100204,2022-05-08,MIA @ PHI,L,239,108,38,82,0.463,7,35,0.2,25,28,0.893,5,28,33,24,9,5,13,26,-8.0,2021-22
42021,1610612755,PHI,Philadelphia 76ers,0042100204,2022-05-08,PHI vs. MIA,W,239,116,37,68,0.544,16,33,0.485,26,34,0.765,4,28,32,25,5,2,16,24,8.0,2021-22
42021,1610612738,BOS,Boston Celtics,0042100213,2022-05-07,BOS @ MIL,L,240,101,32,87,0.368,9,33,0.273,28,34,0.824,11,36,47,23,5,13,12,21,-2.0,2021-22
42021,1610612749,MIL,Milwaukee Bucks,0042100213,2022-05-07,MIL vs. BOS,W,240,103,40,99,0.404,9,34,0.265,14,17,0.824,13,40,53,20,8,4,10,26,2.0,2021-22
42021,1610612748,MIA,Miami Heat,0042100203,2022-05-06,MIA @ PHI,L,240,79,27,77,0.351,7,30,0.233,18,24,0.75,11,25,36,14,11,1,12,22,-20.0,2021-22
42021,1610612755,PHI,Philadelphia 76ers,0042100203,2022-05-06,PHI vs. MIA,W,242,99,32,67,0.478,16,33,0.485,19,22,0.864,8,35,43,22,7,3,18,24,20.0,2021-22
42021,1610612748,MIA,Miami Heat,0042100202,2022-05-04,MIA vs. PHI,W,240,119,40,78,0.513,14,29,0.483,25,31,0.806,8,36,44,25,5,3,14,22,16.0,2021-22
42021,1610612755,PHI,Philadelphia 76ers,0042100202,2022-05-04,PHI @ MIA,L,236,103,38,84,0.452,8,30,0.267,19,22,0.864,5,29,34,17,10,4,8,25,-16.0,2021-22
42021,1610612738,BOS,Boston Celtics,0042100212,2022-05-03,BOS vs. MIL,W,240,109,38,80,0.475,20,43,0.465,13,15,0.867,7,33,40,28,10,5,11,23,23.0,2021-22
42021,1610612749,MIL,Milwaukee Bucks,0042100212,2022-05-03,MIL @ BOS,L,241,86,34,73,0.466,3,18,0.167,15,23,0.652,5,32,37,16,4,5,16,19,-23.0,2021-22
42021,1610612748,MIA,Miami Heat,0042100201,2022-05-02,MIA vs. PHI,W,240,106,40,92,0.435,9,36,0.25,17,18,0.944,15,32,47,21,5,2,11,18,14.0,2021-22
42021,1610612755,PHI,Philadelphia 76ers,0042100201,2022-05-02,PHI @ MIA,L,241,92,34,79,0.43,6,34,0.176,18,20,0.9,9,28,37,18,4,6,14,17,-14.0,2021-22
42021,1610612738,BOS,Boston Celtics,0042100211,2022-05-01,BOS vs. MIL,L,239,89,28,84,0.333,18,50,0.36,15,20,0.75,10,38,48,21,8,7,18,25,-12.0,2021-22
42021,1610612749,MIL,Milwaukee Bucks,0042100211,2022-05-01,MIL @ BOS,W,240,101,37,90,0.411,12,34,0.353,15,21,0.714,10,44,54,22,11,5,13,21,12.0,2021-22
42021,1610612755,PHI,Philadelphia 76ers,0042100136,2022-04-28,PHI @ TOR,W,239,132,47,81,0.58,16,40,0.4,22,23,0.957,10,37,47,32,4,4,11,22,35.0,2021-22
42021,1610612761,TOR,Toronto Raptors,0042100136,2022-04-28,TOR vs. PHI,L,239,97,35,89,0.393,7,35,0.2,20,25,0.8,15,22,37,15,6,1,9,22,-35.0,2021-22
42021,1610612749,MIL,Milwaukee Bucks,0042100125,2022-04-27,MIL vs. CHI,W,240,116,43,87,0.494,14,36,0.389,16,20,0.8,7,44,51,23,10,2,16,13,16.0,2021-22
42021,1610612741,CHI,Chicago Bulls,0042100125,2022-04-27,CHI @ MIL,L,242,100,39,92,0.424,15,52,0.288,7,11,0.636,6,31,37,24,12,3,16,18,-16.0,2021-22
42021,1610612748,MIA,Miami Heat,0042100105,2022-04-26,MIA vs. ATL,W,239,97,37,82,0.451,7,31,0.226,16,21,0.762,7,26,33,19,12,2,14,25,3.0,2021-22
42021,1610612737,ATL,Atlanta Hawks,0042100105,2022-04-26,ATL @ MIA,L,240,94,31,74,0.419,8,25,0.32,24,28,0.857,12,30,42,15,8,2,19,22,-3.0,2021-22
42021,1610612738,BOS,Boston Celtics,0042100114,2022-04-25,BOS @ BKN,W,240,116,42,89,0.472,14,35,0.4,18,22,0.818,10,35,45,26,3,4,13,28,4.0,2021-22
42021,1610612755,PHI,Philadelphia 76ers,0042100135,2022-04-25,PHI vs. TOR,L,240,88,31,81,0.383,10,37,0.27,16,20,0.8,8,29,37,21,7,1,15,17,-15.0,2021-22
42021,1610612761,TOR,Toronto Raptors,0042100135,2022-04-25,TOR @ PHI,W,239,103,42,82,0.512,8,31,0.258,11,13,0.846,3,37,40,24,8,6,8,20,15.0,2021-22
42021,1610612751,BKN,Brooklyn Nets,0042100114,2022-04-25,BKN vs. BOS,L,242,112,41,81,0.506,13,35,0.371,17,29,0.586,8,30,38,28,5,7,10,23,-4.0,2021-22
42021,1610612737,ATL,Atlanta Hawks,0042100104,2022-04-24,ATL vs. MIA,L,240,86,30,75,0.4,15,42,0.357,11,20,0.55,11,30,41,18,2,3,15,21,-24.0,2021-22
42021,1610612748,MIA,Miami Heat,0042100104,2022-04-24,MIA @ ATL,W,239,110,40,92,0.435,13,42,0.31,17,21,0.81,15,33,48,22,8,1,6,23,24.0,2021-22
42021,1610612741,CHI,Chicago Bulls,0042100124,2022-04-24,CHI vs. MIL,L,240,95,35,90,0.389,9,36,0.25,16,17,0.941,8,36,44,27,5,3,11,18,-24.0,2021-22
42021,1610612749,MIL,Milwaukee Bucks,0042100124,2022-04-24,MIL @ CHI,W,240,119,45,86,0.523,17,33,0.515,12,18,0.667,5,46,51,21,6,4,14,23,24.0,2021-22
42021,1610612751,BKN,Brooklyn Nets,0042100113,2022-04-23,BKN vs. BOS,L,240,103,39,77,0.506,12,29,0.414,13,16,0.813,12,21,33,25,7,5,18,22,-6.0,2021-22
42021,1610612755,PHI,Philadelphia 76ers,0042100134,2022-04-23,PHI @ TOR,L,238,102,34,80,0.425,13,31,0.419,21,25,0.84,6,35,41,24,4,5,15,26,-8.0,2021-22
42021,1610612738,BOS,Boston Celtics,0042100113,2022-04-23,BOS @ BKN,W,240,109,42,84,0.5,12,39,0.308,13,14,0.929,13,21,34,26,13,3,14,19,6.0,2021-22
42021,1610612761,TOR,Toronto Raptors,0042100134,2022-04-23,TOR vs. PHI,W,239,110,37,88,0.42,8,34,0.235,28,35,0.8,13,33,46,19,9,6,11,20,8.0,2021-22
42021,1610612737,ATL,Atlanta Hawks,0042100103,2022-04-22,ATL vs. MIA,W,240,111,41,80,0.513,12,32,0.375,17,21,0.81,5,31,36,23,5,3,11,20,1.0,2021-22
42021,1610612741,CHI,Chicago Bulls,0042100123,2022-04-22,CHI vs. MIL,L,240,81,33,84,0.393,9,34,0.265,6,10,0.6,5,38,43,22,5,2,13,15,-30.0,2021-22
42021,1610612749,MIL,Milwaukee Bucks,0042100123,2022-04-22,MIL @ CHI,W,241,111,43,91,0.473,15,41,0.366,10,14,0.714,9,46,55,27,8,6,9,15,30.0,2021-22
42021,1610612748,MIA,Miami Heat,0042100103,2022-04-22,MIA @ ATL,L,241,110,41,93,0.441,14,45,0.311,14,17,0.824,11,34,45,30,6,3,14,23,-1.0,2021-22
42021,1610612738,BOS,Boston Celtics,0042100112,2022-04-20,BOS vs. BKN,W,240,114,39,75,0.52,11,31,0.355,25,31,0.806,7,29,36,27,7,4,14,27,7.0,2021-22
42021,1610612741,CHI,Chicago Bulls,0042100122,2022-04-20,CHI @ MIL,W,239,114,44,89,0.494,12,25,0.48,14,15,0.933,6,37,43,25,7,5,12,20,4.0,2021-22
42021,1610612761,TOR,Toronto Raptors,0042100133,2022-04-20,TOR vs. PHI,L,265,101,38,86,0.442,13,35,0.371,12,18,0.667,9,23,32,23,9,4,10,21,-3.0,2021-22
42021,1610612749,MIL,Milwaukee Bucks,0042100122,2022-04-20,MIL vs. CHI,L,240,110,38,82,0.463,14,36,0.389,20,31,0.645,9,35,44,27,4,6,15,17,-4.0,2021-22
42021,1610612755,PHI,Philadelphia 76ers,0042100133,2022-04-20,PHI @ TOR,W,265,104,38,74,0.514,13,31,0.419,15,20,0.75,9,37,46,18,5,3,22,21,3.0,2021-22
42021,1610612751,BKN,Brooklyn Nets,0042100112,2022-04-20,BKN @ BOS,L,239,107,35,76,0.461,10,21,0.476,27,34,0.794,9,27,36,16,8,8,14,28,-7.0,2021-22
42021,1610612737,ATL,Atlanta Hawks,0042100102,2022-04-19,ATL @ MIA,L,240,105,41,87,0.471,12,40,0.3,11,14,0.786,7,33,40,21,6,2,19,26,-10.0,2021-22
42021,1610612748,MIA,Miami Heat,0042100102,2022-04-19,MIA vs. ATL,W,240,115,38,79,0.481,14,36,0.389,25,29,0.862,4,30,34,21,9,6,14,24,10.0,2021-22
42021,1610612761,TOR,Toronto Raptors,0042100132,2022-04-18,TOR @ PHI,L,240,97,38,89,0.427,11,32,0.344,10,12,0.833,13,22,35,16,7,4,9,24,-15.0,2021-22
42021,1610612755,PHI,Philadelphia 76ers,0042100132,2022-04-18,PHI vs. TOR,W,240,112,36,69,0.522,14,30,0.467,26,30,0.867,7,34,41,20,5,12,14,18,15.0,2021-22
42021,1610612748,MIA,Miami Heat,0042100101,2022-04-17,MIA vs. ATL,W,240,115,43,82,0.524,18,38,0.474,11,18,0.611,4,36,40,35,12,3,15,22,24.0,2021-22
42021,1610612751,BKN,Brooklyn Nets,0042100111,2022-04-17,BKN @ BOS,L,240,114,42,78,0.538,11,24,0.458,19,24,0.792,5,24,29,20,12,6,16,26,-1.0,2021-22
42021,1610612749,MIL,Milwaukee Bucks,0042100121,2022-04-17,MIL vs. CHI,W,240,93,34,84,0.405,10,38,0.263,15,23,0.652,11,47,58,19,4,6,21,21,7.0,2021-22
42021,1610612738,BOS,Boston Celtics,0042100111,2022-04-17,BOS vs. BKN,W,239,115,42,89,0.472,12,33,0.364,19,24,0.792,14,29,43,24,12,5,14,24,1.0,2021-22
42021,1610612737,ATL,Atlanta Hawks,0042100101,2022-04-17,ATL @ MIA,L,240,91,29,75,0.387,10,36,0.278,23,27,0.852,8,30,38,16,8,2,18,19,-24.0,2021-22
42021,1610612741,CHI,Chicago Bulls,0042100121,2022-04-17,CHI @ MIL,L,241,86,31,96,0.323,7,37,0.189,17,19,0.895,16,37,53,17,10,3,11,22,-7.0,2021-22
42021,1610612761,TOR,Toronto Raptors,0042100131,2022-04-16,TOR @ PHI,L,242,111,40,82,0.488,12,30,0.4,19,23,0.826,7,28,35,27,1,8,8,26,-20.0,2021-22
42021,1610612755,PHI,Philadelphia 76ers,0042100131,2022-04-16,PHI vs. TOR,W,239,131,43,84,0.512,16,32,0.5,29,34,0.853,10,29,39,29,6,4,3,18,20.0,2021-22
42022,1610612748,MIA,Miami Heat,0042200405,2023-06-12,MIA @ DEN,L,240,89,33,96,0.344,9,35,0.257,14,16,0.875,11,33,44,18,9,7,8,21,-5.0,2022-23
42022,1610612748,MIA,Miami Heat,0042200404,2023-06-09,MIA vs. DEN,L,240,95,35,78,0.449,8,25,0.32,17,20,0.85,8,29,37,23,2,3,14,19,-13.0,2022-23
42022,1610612748,MIA,Miami Heat,0042200403,2023-06-07,MIA vs. DEN,L,240,94,34,92,0.37,11,35,0.314,15,19,0.789,10,23,33,20,7,3,4,22,-15.0,2022-23
42022,1610612748,MIA,Miami Heat,0042200402,2023-06-04,MIA @ DEN,W,239,111,38,78,0.487,17,35,0.486,18,20,0.9,8,23,31,28,5,4,11,22,3.0,2022-23
42022,1610612748,MIA,Miami Heat,0042200401,2023-06-01,MIA @ DEN,L,241,93,39,96,0.406,13,39,0.333,2,2,1.0,11,32,43,26,5,4,8,15,-11.0,2022-23
42022,1610612738,BOS,Boston Celtics,0042200307,2023-05-29,BOS vs. MIA,L,239,84,32,82,0.39,9,42,0.214,11,13,0.846,10,30,40,18,6,4,15,13,-19.0,2022-23
42022,1610612748,MIA,Miami Heat,0042200307,2023-05-29,MIA @ BOS,W,238,103,42,86,0.488,14,28,0.5,5,6,0.833,7,35,42,26,7,2,12,15,19.0,2022-23
42022,1610612738,BOS,Boston Celtics,0042200306,2023-05-27,BOS @ MIA,W,240,104,34,78,0.436,7,35,0.2,29,34,0.853,12,35,47,18,4,8,12,22,1.0,2022-23
42022,1610612748,MIA,Miami Heat,0042200306,2023-05-27,MIA vs. BOS,L,240,103,33,93,0.355,14,30,0.467,23,29,0.793,17,30,47,22,5,4,5,24,-1.0,2022-23
42022,1610612738,BOS,Boston Celtics,0042200305,2023-05-25,BOS vs. MIA,W,240,110,40,79,0.506,16,39,0.41,14,19,0.737,12,25,37,23,13,4,9,9,13.0,2022-23
42022,1610612748,MIA,Miami Heat,0042200305,2023-05-25,MIA @ BOS,L,240,97,40,78,0.513,9,23,0.391,8,10,0.8,10,26,36,20,6,2,16,13,-13.0,2022-23
42022,1610612748,MIA,Miami Heat,0042200304,2023-05-23,MIA vs. BOS,L,241,99,34,78,0.436,8,32,0.25,23,28,0.821,12,32,44,18,5,2,15,18,-17.0,2022-23
42022,1610612738,BOS,Boston Celtics,0042200304,2023-05-23,BOS @ MIA,W,239,116,43,84,0.512,18,45,0.4,12,18,0.667,7,32,39,28,8,8,10,24,17.0,2022-23
42022,1610612748,MIA,Miami Heat,0042200303,2023-05-21,MIA vs. BOS,W,242,128,46,81,0.568,19,35,0.543,17,21,0.81,1,34,35,25,7,4,9,16,26.0,2022-23
42022,1610612738,BOS,Boston Celtics,0042200303,2023-05-21,BOS @ MIA,L,240,102,39,98,0.398,11,42,0.262,13,17,0.765,21,36,57,25,3,3,15,24,-26.0,2022-23
42022,1610612738,BOS,Boston Celtics,0042200302,2023-05-19,BOS vs. MIA,L,240,105,37,79,0.468,10,35,0.286,21,24,0.875,6,29,35,22,2,9,15,20,-6.0,2022-23
42022,1610612748,MIA,Miami Heat,0042200302,2023-05-19,MIA @ BOS,W,241,111,42,92,0.457,9,26,0.346,18,19,0.947,11,34,45,23,9,5,10,17,6.0,2022-23
42022,1610612738,BOS,Boston Celtics,0042200301,2023-05-17,BOS vs. MIA,L,242,116,42,81,0.519,10,29,0.345,22,29,0.759,9,25,34,22,6,3,15,18,-7.0,2022-23
42022,1610612748,MIA,Miami Heat,0042200301,2023-05-17,MIA @ BOS,W,240,123,46,85,0.541,16,31,0.516,15,19,0.789,7,28,35,20,12,3,12,22,7.0,2022-23
42022,1610612738,BOS,Boston Celtics,0042200217,2023-05-14,BOS vs. PHI,W,240,112,41,87,0.471,15,33,0.455,15,18,0.833,7,36,43,18,7,7,7,13,24.0,2022-23
42022,1610612755,PHI,Philadelphia 76ers,0042200217,2023-05-14,PHI @ BOS,L,242,88,31,83,0.373,8,37,0.216,18,19,0.947,7,30,37,15,4,7,12,14,-24.0,2022-23
42022,1610612748,MIA,Miami Heat,0042200206,2023-05-12,MIA vs. NYK,W,239,96,33,82,0.402,7,27,0.259,23,25,0.92,7,33,40,25,8,2,7,22,4.0,2022-23
42022,1610612752,NYK,New York Knicks,0042200206,2023-05-12,NYK @ MIA,L,240,92,27,71,0.38,10,35,0.286,28,32,0.875,8,33,41,13,2,9,12,22,-4.0,2022-23
42022,1610612755,PHI,Philadelphia 76ers,0042200216,2023-05-11,PHI vs. BOS,L,242,86,30,83,0.361,8,34,0.235,18,19,0.947,6,32,38,18,14,7,11,13,-9.0,2022-23
42022,1610612738,BOS,Boston Celtics,0042200216,2023-05-11,BOS @ PHI,W,240,95,33,78,0.423,15,35,0.429,14,16,0.875,6,44,50,22,7,6,17,14,9.0,2022-23
42022,1610612748,MIA,Miami Heat,0042200205,2023-05-10,MIA @ NYK,L,240,103,37,88,0.42,13,43,0.302,16,19,0.842,11,23,34,27,11,4,12,30,-9.0,2022-23
42022,1610612752,NYK,New York Knicks,0042200205,2023-05-10,NYK vs. MIA,W,240,112,35,71,0.493,13,34,0.382,29,40,0.725,14,36,50,23,6,4,18,19,9.0,2022-23
42022,1610612755,PHI,Philadelphia 76ers,0042200215,2023-05-09,PHI @ BOS,W,241,115,40,79,0.506,12,30,0.4,23,27,0.852,9,40,49,20,4,5,9,24,12.0,2022-23
42022,1610612738,BOS,Boston Celtics,0042200215,2023-05-09,BOS vs. PHI,L,241,103,33,83,0.398,12,38,0.316,25,34,0.735,9,27,36,21,4,1,8,16,-12.0,2022-23
42022,1610612752,NYK,New York Knicks,0042200204,2023-05-08,NYK @ MIA,L,240,101,37,76,0.487,9,28,0.321,18,24,0.75,8,27,35,21,5,4,16,23,-8.0,2022-23
42022,1610612748,MIA,Miami Heat,0042200204,2023-05-08,MIA vs. NYK,W,239,109,40,85,0.471,13,39,0.333,16,22,0.727,13,31,44,28,7,4,12,21,8.0,2022-23
42022,1610612755,PHI,Philadelphia 76ers,0042200214,2023-05-07,PHI vs. BOS,W,264,116,42,91,0.462,13,34,0.382,19,22,0.864,12,32,44,19,9,3,7,23,1.0,2022-23
42022,1610612738,BOS,Boston Celtics,0042200214,2023-05-07,BOS @ PHI,L,264,115,41,87,0.471,17,44,0.386,16,22,0.727,13,31,44,25,3,12,10,21,-1.0,2022-23
42022,1610612752,NYK,New York Knicks,0042200203,2023-05-06,NYK @ MIA,L,240,86,31,91,0.341,8,40,0.2,16,22,0.727,14,34,48,15,4,3,13,22,-19.0,2022-23
42022,1610612748,MIA,Miami Heat,0042200203,2023-05-06,MIA vs. NYK,W,242,105,35,90,0.389,7,32,0.219,28,31,0.903,13,37,50,17,3,5,13,25,19.0,2022-23
42022,1610612738,BOS,Boston Celtics,0042200213,2023-05-05,BOS @ PHI,W,240,114,38,86,0.442,16,45,0.356,22,23,0.957,9,36,45,25,9,7,12,23,12.0,2022-23
42022,1610612755,PHI,Philadelphia 76ers,0042200213,2023-05-05,PHI vs. BOS,L,239,102,31,78,0.397,16,37,0.432,24,27,0.889,9,33,42,21,7,8,13,20,-12.0,2022-23
42022,1610612738,BOS,Boston Celtics,0042200212,2023-05-03,BOS vs. PHI,W,240,121,43,92,0.467,20,51,0.392,15,16,0.938,8,38,46,26,6,8,6,17,34.0,2022-23
42022,1610612755,PHI,Philadelphia 76ers,0042200212,2023-05-03,PHI @ BOS,L,240,87,31,79,0.392,6,30,0.2,19,23,0.826,6,35,41,13,2,8,11,17,-34.0,2022-23
42022,1610612748,MIA,Miami Heat,0042200202,2023-05-02,MIA @ NYK,L,240,105,38,85,0.447,17,49,0.347,12,17,0.706,8,26,34,24,1,2,6,24,-6.0,2022-23
42022,1610612752,NYK,New York Knicks,0042200202,2023-05-02,NYK vs. MIA,W,240,111,37,82,0.451,16,40,0.4,21,30,0.7,11,39,50,23,4,2,10,20,6.0,2022-23
42022,1610612738,BOS,Boston Celtics,0042200211,2023-05-01,BOS vs. PHI,L,241,115,44,75,0.587,10,26,0.385,17,18,0.944,8,30,38,26,3,4,16,10,-4.0,2022-23
42022,1610612755,PHI,Philadelphia 76ers,0042200211,2023-05-01,PHI @ BOS,W,240,119,45,89,0.506,17,38,0.447,12,12,1.0,8,20,28,17,10,4,6,20,4.0,2022-23
42022,1610612748,MIA,Miami Heat,0042200201,2023-04-30,MIA @ NYK,W,239,108,36,85,0.424,13,39,0.333,23,29,0.793,10,29,39,26,8,5,8,14,7.0,2022-23
42022,1610612752,NYK,New York Knicks,0042200201,2023-04-30,NYK vs. MIA,L,239,101,41,86,0.477,7,34,0.206,12,20,0.6,12,36,48,20,6,4,13,21,-7.0,2022-23
42022,1610612738,BOS,Boston Celtics,0042200116,2023-04-27,BOS @ ATL,W,241,128,47,94,0.5,18,42,0.429,16,17,0.941,11,36,47,24,7,10,7,16,8.0,2022-23
42022,1610612737,ATL,Atlanta Hawks,0042200116,2023-04-27,ATL vs. BOS,L,241,120,44,94,0.468,15,35,0.429,17,22,0.773,12,33,45,28,5,7,10,15,-8.0,2022-23
42022,1610612749,MIL,Milwaukee Bucks,0042200105,2023-04-26,MIL vs. MIA,L,266,126,42,91,0.462,14,33,0.424,28,45,0.622,10,46,56,20,4,1,15,21,-2.0,2022-23
42022,1610612752,NYK,New York Knicks,0042200135,2023-04-26,NYK @ CLE,W,240,106,37,85,0.435,9,29,0.31,23,29,0.793,17,31,48,21,6,5,10,17,11.0,2022-23
42022,1610612748,MIA,Miami Heat,0042200105,2023-04-26,MIA @ MIL,W,264,128,50,110,0.455,17,45,0.378,11,17,0.647,9,36,45,25,6,5,11,31,2.0,2022-23
42022,1610612739,CLE,Cleveland Cavaliers,0042200135,2023-04-26,CLE vs. NYK,L,239,95,35,75,0.467,13,33,0.394,12,15,0.8,4,26,30,24,5,2,13,22,-11.0,2022-23
42022,1610612737,ATL,Atlanta Hawks,0042200115,2023-04-25,ATL @ BOS,W,242,119,45,96,0.469,19,41,0.463,10,10,1.0,6,28,34,26,5,4,8,16,2.0,2022-23
42022,1610612738,BOS,Boston Celtics,0042200115,2023-04-25,BOS vs. ATL,L,240,117,49,92,0.533,12,38,0.316,7,13,0.538,9,34,43,31,1,9,9,20,-2.0,2022-23
42022,1610612748,MIA,Miami Heat,0042200104,2023-04-24,MIA vs. MIL,W,239,119,43,87,0.494,13,32,0.406,20,25,0.8,9,38,47,21,9,5,15,20,5.0,2022-23
42022,1610612749,MIL,Milwaukee Bucks,0042200104,2023-04-24,MIL @ MIA,L,240,114,42,97,0.433,13,40,0.325,17,20,0.85,16,30,46,28,10,6,14,20,-5.0,2022-23
42022,1610612752,NYK,New York Knicks,0042200134,2023-04-23,NYK vs. CLE,W,240,102,38,84,0.452,8,29,0.276,18,28,0.643,17,30,47,15,5,7,10,15,9.0,2022-23
42022,1610612739,CLE,Cleveland Cavaliers,0042200134,2023-04-23,CLE @ NYK,L,240,93,36,77,0.468,6,23,0.261,15,19,0.789,7,26,33,24,3,5,12,23,-9.0,2022-23
42022,1610612737,ATL,Atlanta Hawks,0042200114,2023-04-23,ATL vs. BOS,L,240,121,43,98,0.439,14,37,0.378,21,24,0.875,11,31,42,25,8,4,12,24,-8.0,2022-23
42022,1610612738,BOS,Boston Celtics,0042200114,2023-04-23,BOS @ ATL,W,240,129,46,89,0.517,16,40,0.4,21,25,0.84,9,40,49,25,4,5,16,23,8.0,2022-23
42022,1610612749,MIL,Milwaukee Bucks,0042200103,2023-04-22,MIL @ MIA,L,239,99,38,85,0.447,15,39,0.385,8,12,0.667,8,29,37,22,7,3,18,15,-22.0,2022-23
42022,1610612748,MIA,Miami Heat,0042200103,2023-04-22,MIA vs. MIL,W,240,121,45,84,0.536,16,33,0.485,15,17,0.882,8,36,44,22,13,4,13,18,22.0,2022-23
42022,1610612751,BKN,Brooklyn Nets,0042200124,2023-04-22,BKN vs. PHI,L,241,88,33,80,0.413,9,37,0.243,13,19,0.684,5,33,38,20,3,6,10,14,-8.0,2022-23
42022,1610612755,PHI,Philadelphia 76ers,0042200124,2023-04-22,PHI @ BKN,W,239,96,36,91,0.396,9,24,0.375,15,16,0.938,15,39,54,19,7,3,8,19,8.0,2022-23
42022,1610612752,NYK,New York Knicks,0042200133,2023-04-21,NYK vs. CLE,W,241,99,39,83,0.47,10,33,0.303,11,18,0.611,11,34,45,21,14,5,14,17,20.0,2022-23
42022,1610612737,ATL,Atlanta Hawks,0042200113,2023-04-21,ATL vs. BOS,W,240,130,51,91,0.56,15,34,0.441,13,16,0.813,11,37,48,24,5,6,18,15,8.0,2022-23
42022,1610612739,CLE,Cleveland Cavaliers,0042200133,2023-04-21,CLE @ NYK,L,241,79,31,80,0.388,7,33,0.212,10,17,0.588,13,29,42,16,7,4,20,18,-20.0,2022-23
42022,1610612738,BOS,Boston Celtics,0042200113,2023-04-21,BOS @ ATL,L,240,122,45,92,0.489,21,48,0.438,11,16,0.688,6,23,29,31,11,0,12,17,-8.0,2022-23
42022,1610612755,PHI,Philadelphia 76ers,0042200123,2023-04-20,PHI @ BKN,W,239,102,40,82,0.488,13,31,0.419,9,13,0.692,11,35,46,15,5,3,14,17,5.0,2022-23
42022,1610612751,BKN,Brooklyn Nets,0042200123,2023-04-20,BKN vs. PHI,L,240,97,34,79,0.43,10,30,0.333,19,22,0.864,8,26,34,22,5,3,8,13,-5.0,2022-23
42022,1610612749,MIL,Milwaukee Bucks,0042200102,2023-04-19,MIL vs. MIA,W,239,138,53,99,0.535,25,49,0.51,7,8,0.875,9,36,45,35,9,4,11,16,16.0,2022-23
42022,1610612748,MIA,Miami Heat,0042200102,2023-04-19,MIA @ MIL,L,239,122,45,84,0.536,16,36,0.444,16,23,0.696,7,34,41,26,10,2,17,9,-16.0,2022-23
42022,1610612752,NYK,New York Knicks,0042200132,2023-04-18,NYK @ CLE,L,240,90,29,79,0.367,7,29,0.241,25,30,0.833,13,23,36,16,14,5,17,18,-17.0,2022-23
42022,1610612737,ATL,Atlanta Hawks,0042200112,2023-04-18,ATL @ BOS,L,241,106,43,101,0.426,16,48,0.333,4,8,0.5,19,30,49,21,10,4,15,11,-13.0,2022-23
42022,1610612739,CLE,Cleveland Cavaliers,0042200132,2023-04-18,CLE vs. NYK,W,240,107,38,77,0.494,14,33,0.424,17,21,0.81,11,32,43,26,10,7,17,22,17.0,2022-23
42022,1610612738,BOS,Boston Celtics,0042200112,2023-04-18,BOS vs. ATL,W,241,119,48,86,0.558,15,33,0.455,8,10,0.8,5,39,44,28,10,12,14,8,13.0,2022-23
42022,1610612751,BKN,Brooklyn Nets,0042200122,2023-04-17,BKN @ PHI,L,240,84,30,80,0.375,13,42,0.31,11,17,0.647,5,28,33,24,10,1,9,20,-12.0,2022-23
42022,1610612755,PHI,Philadelphia 76ers,0042200122,2023-04-17,PHI vs. BKN,W,239,96,36,80,0.45,11,35,0.314,13,16,0.813,13,43,56,21,8,7,19,22,12.0,2022-23
42022,1610612748,MIA,Miami Heat,0042200101,2023-04-16,MIA @ MIL,W,240,130,50,84,0.595,15,25,0.6,15,21,0.714,4,32,36,32,6,1,15,24,13.0,2022-23
42022,1610612749,MIL,Milwaukee Bucks,0042200101,2023-04-16,MIL vs. MIA,L,241,117,45,91,0.495,11,45,0.244,16,22,0.727,8,30,38,29,3,4,13,22,-13.0,2022-23
42022,1610612751,BKN,Brooklyn Nets,0042200121,2023-04-15,BKN @ PHI,L,238,101,39,70,0.557,13,29,0.448,10,15,0.667,5,30,35,23,3,5,19,15,-20.0,2022-23
42022,1610612738,BOS,Boston Celtics,0042200111,2023-04-15,BOS vs. ATL,W,240,112,42,88,0.477,13,33,0.394,15,18,0.833,12,46,58,25,6,7,16,15,13.0,2022-23
42022,1610612755,PHI,Philadelphia 76ers,0042200121,2023-04-15,PHI vs. BKN,W,240,121,42,89,0.472,21,43,0.488,16,16,1.0,14,24,38,32,14,3,8,17,20.0,2022-23
42022,1610612739,CLE,Cleveland Cavaliers,0042200131,2023-04-15,CLE vs. NYK,L,241,97,36,83,0.434,10,31,0.323,15,21,0.714,11,27,38,20,9,2,14,17,-4.0,2022-23
42022,1610612737,ATL,Atlanta Hawks,0042200111,2023-04-15,ATL @ BOS,L,241,99,38,98,0.388,5,29,0.172,18,22,0.818,14,31,45,23,13,4,11,17,-13.0,2022-23
42022,1610612752,NYK,New York Knicks,0042200131,2023-04-15,NYK @ CLE,W,240,101,37,88,0.42,8,29,0.276,19,22,0.864,17,34,51,18,11,1,13,20,4.0,2022-23
42023,1610612738,BOS,Boston Celtics,0042300405,2024-06-17,BOS vs. DAL,W,240,106,38,89,0.427,13,39,0.333,17,20,0.85,15,36,51,25,9,2,7,15,18.0,2023-24
42023,1610612738,BOS,Boston Celtics,0042300404,2024-06-14,BOS @ DAL,L,239,84,29,80,0.363,14,41,0.341,12,13,0.923,4,27,31,18,2,5,13,19,-38.0,2023-24
42023,1610612738,BOS,Boston Celtics,0042300403,2024-06-12,BOS @ DAL,W,240,106,38,82,0.463,17,46,0.37,13,14,0.929,6,30,36,26,4,6,9,19,7.0,2023-24
42023,1610612738,BOS,Boston Celtics,0042300402,2024-06-09,BOS vs. DAL,W,239,105,38,84,0.452,10,39,0.256,19,20,0.95,10,31,41,29,10,5,10,15,7.0,2023-24
42023,1610612738,BOS,Boston Celtics,0042300401,2024-06-06,BOS vs. DAL,W,241,107,39,82,0.476,16,42,0.381,13,19,0.684,10,37,47,23,6,9,12,16,18.0,2023-24
42023,1610612754,IND,Indiana Pacers,0042300304,2024-05-27,IND vs. BOS,L,240,102,40,87,0.46,10,29,0.345,12,16,0.75,13,34,47,24,5,4,14,19,-3.0,2023-24
42023,1610612738,BOS,Boston Celtics,0042300304,2024-05-27,BOS @ IND,W,240,105,40,89,0.449,14,44,0.318,11,14,0.786,12,32,44,22,10,6,11,18,3.0,2023-24
42023,1610612754,IND,Indiana Pacers,0042300303,2024-05-25,IND vs. BOS,L,239,111,46,91,0.505,5,22,0.227,14,14,1.0,9,34,43,32,4,1,11,21,-3.0,2023-24
42023,1610612738,BOS,Boston Celtics,0042300303,2024-05-25,BOS @ IND,W,239,114,39,83,0.47,16,46,0.348,20,26,0.769,7,29,36,24,7,12,7,18,3.0,2023-24
42023,1610612738,BOS,Boston Celtics,0042300302,2024-05-23,BOS vs. IND,W,239,126,47,88,0.534,15,37,0.405,17,20,0.85,13,27,40,28,9,2,10,16,16.0,2023-24
42023,1610612754,IND,Indiana Pacers,0042300302,2024-05-23,IND @ BOS,L,240,110,44,84,0.524,11,29,0.379,11,16,0.688,12,25,37,23,5,2,16,23,-16.0,2023-24
42023,1610612754,IND,Indiana Pacers,0042300301,2024-05-21,IND @ BOS,L,265,128,53,99,0.535,13,35,0.371,9,10,0.9,10,34,44,38,8,4,21,23,-5.0,2023-24
42023,1610612738,BOS,Boston Celtics,0042300301,2024-05-21,BOS vs. IND,W,265,133,47,99,0.475,15,45,0.333,24,30,0.8,13,30,43,30,11,5,14,15,5.0,2023-24
42023,1610612752,NYK,New York Knicks,0042300217,2024-05-19,NYK vs. IND,L,241,109,36,85,0.424,13,35,0.371,24,27,0.889,9,19,28,22,5,2,8,17,-21.0,2023-24
42023,1610612754,IND,Indiana Pacers,0042300217,2024-05-19,IND @ NYK,W,241,130,53,79,0.671,13,24,0.542,11,16,0.688,7,26,33,33,7,9,12,22,21.0,2023-24
42023,1610612752,NYK,New York Knicks,0042300216,2024-05-17,NYK @ IND,L,241,103,36,82,0.439,13,34,0.382,18,26,0.692,13,22,35,20,6,5,7,15,-13.0,2023-24
42023,1610612754,IND,Indiana Pacers,0042300216,2024-05-17,IND vs. NYK,W,239,116,49,91,0.538,9,26,0.346,9,13,0.692,14,33,47,35,3,8,8,21,13.0,2023-24
42023,1610612738,BOS,Boston Celtics,0042300205,2024-05-15,BOS vs. CLE,W,239,113,42,80,0.525,19,43,0.442,10,12,0.833,11,32,43,32,6,6,12,15,15.0,2023-24
42023,1610612739,CLE,Cleveland Cavaliers,0042300205,2024-05-15,CLE @ BOS,L,241,98,38,79,0.481,13,31,0.419,9,12,0.75,6,22,28,25,5,2,10,16,-15.0,2023-24
42023,1610612752,NYK,New York Knicks,0042300215,2024-05-14,NYK vs. IND,W,240,121,47,101,0.465,12,35,0.343,15,19,0.789,20,33,53,26,7,5,9,22,30.0,2023-24
42023,1610612754,IND,Indiana Pacers,0042300215,2024-05-14,IND @ NYK,L,238,91,31,72,0.431,12,27,0.444,17,22,0.773,5,24,29,24,5,6,18,19,-30.0,2023-24
42023,1610612738,BOS,Boston Celtics,0042300204,2024-05-13,BOS @ CLE,W,239,109,38,78,0.487,12,32,0.375,21,24,0.875,10,38,48,15,6,4,14,12,7.0,2023-24
42023,1610612739,CLE,Cleveland Cavaliers,0042300204,2024-05-13,CLE vs. BOS,L,241,102,41,94,0.436,15,48,0.313,5,7,0.714,8,24,32,26,8,3,7,17,-7.0,2023-24
42023,1610612754,IND,Indiana Pacers,0042300214,2024-05-12,IND vs. NYK,W,239,121,50,88,0.568,14,31,0.452,7,8,0.875,9,43,52,31,9,7,14,25,32.0,2023-24
42023,1610612752,NYK,New York Knicks,0042300214,2024-05-12,NYK @ IND,L,241,89,30,89,0.337,7,37,0.189,22,31,0.71,16,27,43,18,8,2,12,12,-32.0,2023-24
42023,1610612738,BOS,Boston Celtics,0042300203,2024-05-11,BOS @ CLE,W,241,106,41,80,0.513,13,34,0.382,11,14,0.786,9,35,44,22,3,4,11,14,13.0,2023-24
42023,1610612739,CLE,Cleveland Cavaliers,0042300203,2024-05-11,CLE vs. BOS,L,241,93,36,84,0.429,12,36,0.333,9,10,0.9,7,28,35,17,4,2,8,14,-13.0,2023-24
42023,1610612754,IND,Indiana Pacers,0042300213,2024-05-10,IND vs. NYK,W,240,111,42,89,0.472,12,32,0.375,15,18,0.833,13,29,42,22,6,6,10,20,5.0,2023-24
42023,1610612752,NYK,New York Knicks,0042300213,2024-05-10,NYK @ IND,L,240,106,38,80,0.475,14,27,0.519,16,22,0.727,10,31,41,19,6,6,13,18,-5.0,2023-24
42023,1610612739,CLE,Cleveland Cavaliers,0042300202,2024-05-09,CLE @ BOS,W,239,118,47,86,0.547,13,28,0.464,11,16,0.688,7,37,44,24,4,3,10,20,24.0,2023-24
42023,1610612738,BOS,Boston Celtics,0042300202,2024-05-09,BOS vs. CLE,L,240,94,33,80,0.413,8,35,0.229,20,24,0.833,6,25,31,22,5,3,7,15,-24.0,2023-24
42023,1610612752,NYK,New York Knicks,0042300212,2024-05-08,NYK vs. IND,W,240,130,49,86,0.57,14,30,0.467,18,22,0.818,12,32,44,28,5,3,9,14,9.0,2023-24
42023,1610612754,IND,Indiana Pacers,0042300212,2024-05-08,IND @ NYK,L,241,121,48,93,0.516,15,34,0.441,10,17,0.588,14,20,34,33,5,3,9,17,-9.0,2023-24
42023,1610612739,CLE,Cleveland Cavaliers,0042300201,2024-05-07,CLE @ BOS,L,241,95,37,90,0.411,11,42,0.262,10,13,0.769,7,31,38,19,2,3,5,18,-25.0,2023-24
42023,1610612738,BOS,Boston Celtics,0042300201,2024-05-07,BOS vs. CLE,W,240,120,45,92,0.489,18,46,0.391,12,14,0.857,13,42,55,22,2,7,6,13,25.0,2023-24
42023,1610612752,NYK,New York Knicks,0042300211,2024-05-06,NYK vs. IND,W,241,121,44,82,0.537,11,23,0.478,22,26,0.846,8,32,40,25,5,4,14,19,4.0,2023-24
42023,1610612754,IND,Indiana Pacers,0042300211,2024-05-06,IND @ NYK,L,240,117,46,88,0.523,10,26,0.385,15,19,0.789,7,25,32,32,9,5,7,22,-4.0,2023-24
42023,1610612739,CLE,Cleveland Cavaliers,0042300137,2024-05-05,CLE vs. ORL,W,239,106,34,77,0.442,8,24,0.333,30,36,0.833,10,38,48,19,8,8,14,23,12.0,2023-24
42023,1610612753,ORL,Orlando Magic,0042300137,2024-05-05,ORL @ CLE,L,241,94,29,86,0.337,10,31,0.323,26,30,0.867,18,31,49,17,11,4,17,32,-12.0,2023-24
42023,1610612753,ORL,Orlando Magic,0042300136,2024-05-03,ORL vs. CLE,W,240,103,35,89,0.393,11,36,0.306,22,26,0.846,15,33,48,19,6,4,13,15,7.0,2023-24
42023,1610612739,CLE,Cleveland Cavaliers,0042300136,2024-05-03,CLE @ ORL,L,239,96,42,86,0.488,7,28,0.25,5,10,0.5,7,31,38,15,8,10,13,23,-7.0,2023-24
42023,1610612749,MIL,Milwaukee Bucks,0042300126,2024-05-02,MIL @ IND,L,242,98,35,83,0.422,7,27,0.259,21,32,0.656,15,25,40,19,4,0,12,18,-22.0,2023-24
42023,1610612754,IND,Indiana Pacers,0042300126,2024-05-02,IND vs. MIL,W,240,120,46,85,0.541,13,40,0.325,15,17,0.882,7,37,44,33,7,3,10,26,22.0,2023-24
42023,1610612752,NYK,New York Knicks,0042300116,2024-05-02,NYK @ PHI,W,240,118,43,93,0.462,14,31,0.452,18,24,0.75,20,28,48,28,6,8,9,17,3.0,2023-24
42023,1610612755,PHI,Philadelphia 76ers,0042300116,2024-05-02,PHI vs. NYK,L,240,115,38,87,0.437,17,40,0.425,22,23,0.957,16,30,46,20,6,5,11,22,-3.0,2023-24
42023,1610612738,BOS,Boston Celtics,0042300105,2024-05-01,BOS vs. MIA,W,239,118,42,77,0.545,16,40,0.4,18,27,0.667,8,48,56,23,5,3,14,15,34.0,2023-24
42023,1610612748,MIA,Miami Heat,0042300105,2024-05-01,MIA @ BOS,L,239,84,36,87,0.414,3,29,0.103,9,10,0.9,2,27,29,20,4,0,6,17,-34.0,2023-24
42023,1610612754,IND,Indiana Pacers,0042300125,2024-04-30,IND @ MIL,L,240,92,36,81,0.444,12,38,0.316,8,13,0.615,10,26,36,25,3,3,12,18,-23.0,2023-24
42023,1610612739,CLE,Cleveland Cavaliers,0042300135,2024-04-30,CLE vs. ORL,W,241,104,38,88,0.432,13,37,0.351,15,19,0.789,8,31,39,23,9,3,10,25,1.0,2023-24
42023,1610612749,MIL,Milwaukee Bucks,0042300125,2024-04-30,MIL vs. IND,W,240,115,44,84,0.524,11,29,0.379,16,20,0.8,11,33,44,23,8,4,10,15,23.0,2023-24
42023,1610612752,NYK,New York Knicks,0042300115,2024-04-30,NYK vs. PHI,L,265,106,40,86,0.465,10,36,0.278,16,24,0.667,6,34,40,19,10,8,14,19,-6.0,2023-24
42023,1610612753,ORL,Orlando Magic,0042300135,2024-04-30,ORL @ CLE,L,240,103,36,78,0.462,9,31,0.29,22,29,0.759,7,36,43,17,5,7,14,17,-1.0,2023-24
42023,1610612755,PHI,Philadelphia 76ers,0042300115,2024-04-30,PHI @ NYK,W,265,112,42,91,0.462,15,39,0.385,13,19,0.684,12,34,46,28,5,7,16,23,6.0,2023-24
42023,1610612748,MIA,Miami Heat,0042300104,2024-04-29,MIA vs. BOS,L,240,88,35,86,0.407,9,33,0.273,9,12,0.75,8,34,42,17,4,3,13,18,-14.0,2023-24
42023,1610612738,BOS,Boston Celtics,0042300104,2024-04-29,BOS @ MIA,W,240,102,36,86,0.419,14,37,0.378,16,18,0.889,11,35,46,21,5,3,10,20,14.0,2023-24
42023,1610612749,MIL,Milwaukee Bucks,0042300124,2024-04-28,MIL @ IND,L,239,113,46,90,0.511,12,33,0.364,9,14,0.643,7,35,42,26,5,4,9,18,-13.0,2023-24
42023,1610612752,NYK,New York Knicks,0042300114,2024-04-28,NYK @ PHI,W,241,97,37,86,0.43,7,27,0.259,16,26,0.615,15,37,52,19,1,11,12,19,5.0,2023-24
42023,1610612755,PHI,Philadelphia 76ers,0042300114,2024-04-28,PHI vs. NYK,L,240,92,29,82,0.354,9,33,0.273,25,29,0.862,9,33,42,23,5,5,8,24,-5.0,2023-24
42023,1610612754,IND,Indiana Pacers,0042300124,2024-04-28,IND vs. MIL,W,242,126,46,89,0.517,22,43,0.512,12,18,0.667,5,33,38,33,5,6,7,18,13.0,2023-24
42023,1610612738,BOS,Boston Celtics,0042300103,2024-04-27,BOS @ MIA,W,239,104,39,82,0.476,11,37,0.297,15,21,0.714,10,33,43,22,4,6,5,16,20.0,2023-24
42023,1610612739,CLE,Cleveland Cavaliers,0042300134,2024-04-27,CLE @ ORL,L,241,89,34,72,0.472,4,17,0.235,17,21,0.81,2,27,29,24,10,3,15,20,-23.0,2023-24
42023,1610612748,MIA,Miami Heat,0042300103,2024-04-27,MIA vs. BOS,L,241,84,32,77,0.416,9,28,0.321,11,14,0.786,9,27,36,21,2,2,12,14,-20.0,2023-24
42023,1610612753,ORL,Orlando Magic,0042300134,2024-04-27,ORL vs. CLE,W,240,112,43,77,0.558,12,26,0.462,14,19,0.737,8,35,43,24,7,6,17,19,23.0,2023-24
42023,1610612749,MIL,Milwaukee Bucks,0042300123,2024-04-26,MIL @ IND,L,264,118,41,88,0.466,10,31,0.323,26,27,0.963,11,32,43,20,6,2,11,26,-3.0,2023-24
42023,1610612754,IND,Indiana Pacers,0042300123,2024-04-26,IND vs. MIL,W,266,121,45,105,0.429,13,49,0.265,18,24,0.75,19,31,50,32,5,4,8,20,3.0,2023-24
42023,1610612753,ORL,Orlando Magic,0042300133,2024-04-25,ORL vs. CLE,W,242,121,47,92,0.511,13,37,0.351,14,16,0.875,14,37,51,24,7,3,8,21,38.0,2023-24
42023,1610612755,PHI,Philadelphia 76ers,0042300113,2024-04-25,PHI vs. NYK,W,240,125,41,75,0.547,15,31,0.484,28,33,0.848,8,28,36,24,6,8,10,18,11.0,2023-24
42023,1610612752,NYK,New York Knicks,0042300113,2024-04-25,NYK @ PHI,L,238,114,44,90,0.489,13,30,0.433,13,19,0.684,11,21,32,27,4,3,9,25,-11.0,2023-24
42023,1610612739,CLE,Cleveland Cavaliers,0042300133,2024-04-25,CLE @ ORL,L,239,83,32,82,0.39,8,34,0.235,11,13,0.846,5,27,32,24,2,8,14,16,-38.0,2023-24
42023,1610612748,MIA,Miami Heat,0042300102,2024-04-24,MIA @ BOS,W,240,111,37,75,0.493,23,43,0.535,14,18,0.778,4,36,40,25,9,1,12,22,10.0,2023-24
42023,1610612738,BOS,Boston Celtics,0042300102,2024-04-24,BOS vs. MIA,L,239,101,37,80,0.463,12,32,0.375,15,21,0.714,6,33,39,21,9,8,12,17,-10.0,2023-24
42023,1610612749,MIL,Milwaukee Bucks,0042300122,2024-04-23,MIL vs. IND,L,240,108,38,86,0.442,13,32,0.406,19,21,0.905,8,32,40,24,4,4,7,13,-17.0,2023-24
42023,1610612754,IND,Indiana Pacers,0042300122,2024-04-23,IND @ MIL,W,240,125,50,90,0.556,16,36,0.444,9,14,0.643,7,38,45,38,3,6,5,18,17.0,2023-24
42023,1610612753,ORL,Orlando Magic,0042300132,2024-04-22,ORL @ CLE,L,241,86,29,80,0.363,9,35,0.257,19,26,0.731,11,30,41,18,8,5,16,22,-10.0,2023-24
42023,1610612755,PHI,Philadelphia 76ers,0042300112,2024-04-22,PHI @ NYK,L,241,101,36,84,0.429,13,36,0.361,16,22,0.727,10,34,44,26,3,6,10,21,-3.0,2023-24
42023,1610612752,NYK,New York Knicks,0042300112,2024-04-22,NYK vs. PHI,W,241,104,37,91,0.407,11,33,0.333,19,23,0.826,12,34,46,22,5,6,7,17,3.0,2023-24
42023,1610612739,CLE,Cleveland Cavaliers,0042300132,2024-04-22,CLE vs. ORL,W,240,96,34,82,0.415,12,39,0.308,16,26,0.615,15,33,48,18,11,6,15,24,10.0,2023-24
42023,1610612749,MIL,Milwaukee Bucks,0042300121,2024-04-21,MIL vs. IND,W,241,109,41,87,0.471,14,37,0.378,13,13,1.0,5,42,47,21,5,5,10,22,15.0,2023-24
42023,1610612748,MIA,Miami Heat,0042300101,2024-04-21,MIA @ BOS,L,241,94,38,81,0.469,12,37,0.324,6,6,1.0,5,29,34,23,4,1,9,13,-20.0,2023-24
42023,1610612738,BOS,Boston Celtics,0042300101,2024-04-21,BOS vs. MIA,W,239,114,39,82,0.476,22,49,0.449,14,16,0.875,10,34,44,27,6,6,10,10,20.0,2023-24
42023,1610612754,IND,Indiana Pacers,0042300121,2024-04-21,IND @ MIL,L,240,94,36,91,0.396,8,38,0.211,14,21,0.667,14,36,50,20,4,5,12,16,-15.0,2023-24
42023,1610612755,PHI,Philadelphia 76ers,0042300111,2024-04-20,PHI @ NYK,L,241,104,36,81,0.444,12,35,0.343,20,22,0.909,9,24,33,17,8,7,11,21,-7.0,2023-24
42023,1610612753,ORL,Orlando Magic,0042300131,2024-04-20,ORL @ CLE,L,241,83,28,86,0.326,8,37,0.216,19,30,0.633,11,29,40,16,12,7,12,25,-14.0,2023-24
42023,1610612752,NYK,New York Knicks,0042300111,2024-04-20,NYK vs. PHI,W,239,111,36,91,0.396,16,35,0.457,23,28,0.821,23,32,55,20,6,7,11,18,7.0,2023-24
42023,1610612739,CLE,Cleveland Cavaliers,0042300131,2024-04-20,CLE vs. ORL,W,240,97,36,81,0.444,8,30,0.267,17,21,0.81,10,44,54,21,9,4,17,21,14.0,2023-24
